evidencia_id,origem,rodada,claim_ou_campo,framework,dimensao,unidade,documento_id,evidencia,forca,confianca,status
EV-8a4ad69b20,strategic_analysis,r1,Posicionar o app como diagnostico ou tratamento de TDAH pode acionar o regime de Software como Dispositivo Medico da Anvisa.,SA-01,legal_regulatory,ECO-01,DOC-C07-009,Fonte SRC-RG8-ANVISA-SAMD no dashboard: 'RDC 657/2022 - Software como Dispositivo Medico... Enquadramento SaMD depende da indicacao e funcao; software que diagnostica/trata pode entrar no regime regulatorio.',strong,0.9,fact
EV-495a2f033b,strategic_analysis,r1,"Coletar diagnostico de TDAH no onboarding transformaria a base em dado pessoal sensivel sob a LGPD, sem necessidade funcional.",SA-01,legal_regulatory,ECO-01,DOC-C07-009,Fonte SRC-RG8-ANPD-LGPD: 'Dado referente a saude e dado pessoal sensivel; minimizacao favorece nao coletar diagnostico quando desnecessario.' Decisao ICP-01: 'diagnostico nao define o ICP comercial inicial'.,strong,0.9,fact
EV-de94db3e25,strategic_analysis,r1,A politica de claims proibe hoje seis formulacoes clinicas no conteudo editorial e comercial.,SA-01,legal_regulatory,ECO-02,DOC-C07-009,"claims_policy.prohibited_now: 'Reduz sintomas de TDAH', 'Melhora funcao executiva clinicamente', 'Trata TDAH', 'Diagnostica ou identifica TDAH', 'Substitui terapia, tratamento ou medicacao', 'Cientificamente comprovado para TDAH'.",strong,0.9,fact
EV-f04a701f8e,strategic_analysis,r1,Qualquer estudo proprio de eficacia com participantes humanos fica sujeito a Resolucao CNS 466/2012.,SA-01,ethical,ECO-03,DOC-C07-009,"Fonte SRC-RG8-CNS-466: 'Resolucao CNS 466/2012'; decisao EFFICACY-01 exige 'protocolo proprio, diagnostico confirmado, instrumento validado, comparador e revisao etica aplicavel'.",strong,0.85,fact
EV-69f96afd6b,strategic_analysis,r1,Qualquer estudo proprio de eficacia com participantes humanos fica sujeito a Resolucao CNS 466/2012.,SA-01,ethical,ECO-03,DOC-C02-015,"Fonte SRC-RG8-CNS-466: 'Resolucao CNS 466/2012'; decisao EFFICACY-01 exige 'protocolo proprio, diagnostico confirmado, instrumento validado, comparador e revisao etica aplicavel'.",strong,0.85,fact
EV-a783716a71,strategic_analysis,r1,"O Brasil tinha 26,1 milhoes de trabalhadores por conta propria em 2025, contexto do ICP de profissionais independentes.",SA-01,social,ECO-01,DOC-C07-009,"Finding BRA-MKT-01, fonte SRC-RG8-IBGE-SELFEMPLOYED-2025 (PNAD Continua): '26,1 milhoes de trabalhadores por conta propria em 2025'. Uso declarado: 'Contexto de mercado; nao equivale a TAM do EXECUTAR.'",strong,0.9,fact
EV-147350e17f,strategic_analysis,r1,"O acesso a internet no Brasil e majoritariamente movel, sustentando arquitetura mobile-first.",SA-01,technological,ECO-01,DOC-C07-009,"Finding BRA-MOBILE-01 (IBGE 2025): '90,5% da populacao de 10+ usava internet e 98,7% dos usuarios acessavam por celular'. Uso: 'Sustenta estrategia mobile-first; nao prova preferencia especifica do ICP.'",strong,0.85,fact
EV-161a0a642b,strategic_analysis,r1,"Ha estimativas internacionais de carga economica excedente associada ao TDAH adulto que sustentam o problema, mas nao sao perda individual.",SA-01,economic,ECO-03,DOC-C02-021,"RC-003: 'US$ 14.092 de custo excedente por adulto/ano'; RC-004: 'EUR 15.652 por adulto diagnosticado/ano'; guardrail: 'valor e carga economica/social media, nao perda literal individual'.",strong,0.85,fact
EV-eb5f8c5c02,strategic_analysis,r1,"Ha estimativas internacionais de carga economica excedente associada ao TDAH adulto que sustentam o problema, mas nao sao perda individual.",SA-01,economic,ECO-03,DOC-C02-032,"RC-003: 'US$ 14.092 de custo excedente por adulto/ano'; RC-004: 'EUR 15.652 por adulto diagnosticado/ano'; guardrail: 'valor e carga economica/social media, nao perda literal individual'.",strong,0.85,fact
EV-dd70afc2df,strategic_analysis,r1,"Ha estimativas internacionais de carga economica excedente associada ao TDAH adulto que sustentam o problema, mas nao sao perda individual.",SA-01,economic,ECO-03,DOC-C02-043,"RC-003: 'US$ 14.092 de custo excedente por adulto/ano'; RC-004: 'EUR 15.652 por adulto diagnosticado/ano'; guardrail: 'valor e carga economica/social media, nao perda literal individual'.",strong,0.85,fact
EV-421441a4cc,strategic_analysis,r1,"Evidencia brasileira populacional associa rastreio positivo de TDAH a maior desemprego, com n=2.297 e 4,59% de rastreio positivo.",SA-01,social,ECO-02,DOC-C02-032,"RC-SRC-004 (Mattos et al., 2024, J Atten Disord): 'n=2.297; 4,59% de TDAH sintomatico (IC95% 3,56-5,44)'; limitacao registrada: 'ASRS-6 e screener; nao apresentar 4,59% como prevalencia diagnostica nacional'.",strong,0.9,fact
EV-c571b97b66,strategic_analysis,r1,"Evidencia brasileira populacional associa rastreio positivo de TDAH a maior desemprego, com n=2.297 e 4,59% de rastreio positivo.",SA-01,social,ECO-02,DOC-C02-021,"RC-SRC-004 (Mattos et al., 2024, J Atten Disord): 'n=2.297; 4,59% de TDAH sintomatico (IC95% 3,56-5,44)'; limitacao registrada: 'ASRS-6 e screener; nao apresentar 4,59% como prevalencia diagnostica nacional'.",strong,0.9,fact
EV-8a3c42b08b,strategic_analysis,r1,"Amostra brasileira de empreendedores mostrou 27,4% com rastreio positivo, sem associacao significativa com lucro.",SA-01,social,ECO-02,DOC-C02-021,"RC-006: 'Em amostra selecionada de 259 empreendedores, 71 (27,4%) preencheram criterios'; DOC-C02-042: 'maior risk-taking, menor proatividade e nenhuma associacao significativa com lucro'; guardrail: nao generalizar.",moderate,0.8,fact
EV-6016f7338c,strategic_analysis,r1,"Amostra brasileira de empreendedores mostrou 27,4% com rastreio positivo, sem associacao significativa com lucro.",SA-01,social,ECO-02,DOC-C02-042,"RC-006: 'Em amostra selecionada de 259 empreendedores, 71 (27,4%) preencheram criterios'; DOC-C02-042: 'maior risk-taking, menor proatividade e nenhuma associacao significativa com lucro'; guardrail: nao generalizar.",moderate,0.8,fact
EV-d0366af881,strategic_analysis,r1,"Amostra brasileira de empreendedores mostrou 27,4% com rastreio positivo, sem associacao significativa com lucro.",SA-01,social,ECO-02,DOC-C02-032,"RC-006: 'Em amostra selecionada de 259 empreendedores, 71 (27,4%) preencheram criterios'; DOC-C02-042: 'maior risk-taking, menor proatividade e nenhuma associacao significativa com lucro'; guardrail: nao generalizar.",moderate,0.8,fact
EV-0b17a4aaa5,strategic_analysis,r1,"Ha evidencia internacional citada de 17,4% de demissoes em adultos com TDAH contra 3,7% em controles.",SA-01,social,ECO-02,DOC-C02-021,"RC-007: 'Estudo internacional citado reportou 17,4% de demissao em adultos com TDAH'; nota: 'A diferenca e aproximadamente 4,7 vezes, mas nao e dado brasileiro'.",moderate,0.75,fact
EV-8d9f1d63d9,strategic_analysis,r1,"Ha evidencia internacional citada de 17,4% de demissoes em adultos com TDAH contra 3,7% em controles.",SA-01,social,ECO-02,DOC-C02-043,"RC-007: 'Estudo internacional citado reportou 17,4% de demissao em adultos com TDAH'; nota: 'A diferenca e aproximadamente 4,7 vezes, mas nao e dado brasileiro'.",moderate,0.75,fact
EV-ad4e7387df,strategic_analysis,r1,"A APM publicou em 26/08/2026 a formulacao de que projetos tambem podem falhar cognitivamente, criando adjacencia temporal muito proxima a tese.",SA-01,competitive_political,ECO-03,DOC-C02-042,"DOC-C02-042 (Alerta): 'Sarah Gardner... publicou na APM em 26/08/2026 a formulacao de que projetos tambem podem falhar cognitivamente, embora seu foco seja IA, julgamento e governanca'; RC-TERM-009 marca STATUS SINAL_RECENTE.",strong,0.85,fact
EV-62b0a91ffc,strategic_analysis,r1,"A APM publicou em 26/08/2026 a formulacao de que projetos tambem podem falhar cognitivamente, criando adjacencia temporal muito proxima a tese.",SA-01,competitive_political,ECO-03,DOC-C02-030,"DOC-C02-042 (Alerta): 'Sarah Gardner... publicou na APM em 26/08/2026 a formulacao de que projetos tambem podem falhar cognitivamente, embora seu foco seja IA, julgamento e governanca'; RC-TERM-009 marca STATUS SINAL_RECENTE.",strong,0.85,fact
EV-027ebf9edf,strategic_analysis,r1,"A APM publicou em 26/08/2026 a formulacao de que projetos tambem podem falhar cognitivamente, criando adjacencia temporal muito proxima a tese.",SA-01,competitive_political,ECO-03,DOC-C02-022,"DOC-C02-042 (Alerta): 'Sarah Gardner... publicou na APM em 26/08/2026 a formulacao de que projetos tambem podem falhar cognitivamente, embora seu foco seja IA, julgamento e governanca'; RC-TERM-009 marca STATUS SINAL_RECENTE.",strong,0.85,fact
EV-8d2050fb5e,strategic_analysis,r1,"O material interno cita R$ 3.498 como custo de avaliacao neuropsicologica, tratado como barreira economica de acesso ao diagnostico.",SA-01,economic,ECO-02,DOC-C07-007,"QT-0143: 'Custo citado de avaliacao neuropsicologica: 3498.0 R$'; observacao da propria fonte: 'A imagem cita a referencia por numero, mas a lista bibliografica [1]-[8] nao esta no material anexado'.",weak,0.45,fact
EV-69bae07eb4,strategic_analysis,r1,"O material interno cita R$ 3.498 como custo de avaliacao neuropsicologica, tratado como barreira economica de acesso ao diagnostico.",SA-01,economic,ECO-02,DOC-C07-009,"QT-0143: 'Custo citado de avaliacao neuropsicologica: 3498.0 R$'; observacao da propria fonte: 'A imagem cita a referencia por numero, mas a lista bibliografica [1]-[8] nao esta no material anexado'.",weak,0.45,fact
EV-87801cbac4,strategic_analysis,r1,Nao ha analise PESTEL formal por unidade no acervo; os fatores existem dispersos em fontes de evidencia e decisao.,SA-01,environmental,ECO-01,DOC-C07-009,Nenhum documento lido apresenta secao PESTEL; os fatores regulatorios estao no dashboard de sintese e os sociais/economicos nas bases de evidencia.,none,0.6,gap
EV-38c24075df,strategic_analysis,r1,Nao ha analise PESTEL formal por unidade no acervo; os fatores existem dispersos em fontes de evidencia e decisao.,SA-01,environmental,ECO-01,DOC-C02-032,Nenhum documento lido apresenta secao PESTEL; os fatores regulatorios estao no dashboard de sintese e os sociais/economicos nas bases de evidencia.,none,0.6,gap
EV-4c1c55f994,strategic_analysis,r1,Os concorrentes diretos citados sao ferramentas horizontais de produtividade com limitacoes documentadas para o publico-alvo.,SA-02,rivalry,ECO-01,DOC-C07-007,"QL-000053: 'Trello... necessitando de plug-ins adicionais para rastrear progresso'; QL-000054: 'Todoist... limitado para iniciar tarefas e sem recursos de regulacao emocional'; QT-000172: '30,0% dos usuarios com TDAH consideram o Notion dificil de configurar/usar'.",moderate,0.7,fact
EV-a7dc14799c,strategic_analysis,r1,Os concorrentes diretos citados sao ferramentas horizontais de produtividade com limitacoes documentadas para o publico-alvo.,SA-02,rivalry,ECO-01,DOC-C07-009,"QL-000053: 'Trello... necessitando de plug-ins adicionais para rastrear progresso'; QL-000054: 'Todoist... limitado para iniciar tarefas e sem recursos de regulacao emocional'; QT-000172: '30,0% dos usuarios com TDAH consideram o Notion dificil de configurar/usar'.",moderate,0.7,fact
EV-c792ffec35,strategic_analysis,r1,Existem concorrentes com evidencia clinica ou aprovacao regulatoria que o EXECUTAR nao pode igualar hoje.,SA-02,rivalry,ECO-01,DOC-C07-007,"QT-000177: 'Eficacia de app baseado em TCC (estudo aberto do app Inflow)'; QT-000178/179: 'videogame terapeutico aprovado por agencia regulatoria... p<0.0001... 72,5% melhoria na qualidade de vida (STARS-ADHD-Adult)'.",moderate,0.75,fact
EV-72c143ec66,strategic_analysis,r1,Existem concorrentes com evidencia clinica ou aprovacao regulatoria que o EXECUTAR nao pode igualar hoje.,SA-02,rivalry,ECO-01,DOC-C07-009,"QT-000177: 'Eficacia de app baseado em TCC (estudo aberto do app Inflow)'; QT-000178/179: 'videogame terapeutico aprovado por agencia regulatoria... p<0.0001... 72,5% melhoria na qualidade de vida (STARS-ADHD-Adult)'.",moderate,0.75,fact
EV-979463fb2a,strategic_analysis,r1,A operacao depende de fornecedores externos criticos cuja falha bloqueia o lancamento.,SA-02,supplier_power,ECO-01,DOC-C06-001,"DOC-C06-001 lista dependencias externas Amazon e Hotmart iniciadas em D1 e reserva de 12h para 'problema de CMS/Hotmart, formulario, link'; DOC-C02-017 fixa Vercel + Payload + PostgreSQL/Neon + Vercel Blob.",moderate,0.65,inference
EV-ebf7dd1990,strategic_analysis,r1,A operacao depende de fornecedores externos criticos cuja falha bloqueia o lancamento.,SA-02,supplier_power,ECO-01,DOC-C02-017,"DOC-C06-001 lista dependencias externas Amazon e Hotmart iniciadas em D1 e reserva de 12h para 'problema de CMS/Hotmart, formulario, link'; DOC-C02-017 fixa Vercel + Payload + PostgreSQL/Neon + Vercel Blob.",moderate,0.65,inference
EV-3592d812ea,strategic_analysis,r1,"O ICP escolhido controla ou influencia a propria compra, o que elimina ciclo de aprovacao mas expoe a decisao a preco.",SA-02,buyer_power,ECO-01,DOC-C07-009,"ICP comercial no dashboard: 'Profissional independente/solo brasileiro... e controla/influencia a propria compra'; faixa de teste R$29,90/49,90/79,90 com 'preco canonico ainda nao existe'.",strong,0.8,fact
EV-250516ec85,strategic_analysis,r1,O substituto mais provavel e o sistema analogico ou improvisado que o proprio usuario ja mantem.,SA-02,substitutes,ECO-01,DOC-C05-001,DOC-C05-001 descreve a categoria como sistema 'com uso digital minimo e integracao analogica' e DOC-C11-008 mostra 'o mesmo projeto no digital e no material fisico'; QL-0022 registra necessidade de 'externalizacao de funcoes executivas'.,moderate,0.6,inference
EV-fd84818fcf,strategic_analysis,r1,O substituto mais provavel e o sistema analogico ou improvisado que o proprio usuario ja mantem.,SA-02,substitutes,ECO-01,DOC-C11-008,DOC-C05-001 descreve a categoria como sistema 'com uso digital minimo e integracao analogica' e DOC-C11-008 mostra 'o mesmo projeto no digital e no material fisico'; QL-0022 registra necessidade de 'externalizacao de funcoes executivas'.,moderate,0.6,inference
EV-e780a534e8,strategic_analysis,r1,O substituto mais provavel e o sistema analogico ou improvisado que o proprio usuario ja mantem.,SA-02,substitutes,ECO-01,DOC-C07-007,DOC-C05-001 descreve a categoria como sistema 'com uso digital minimo e integracao analogica' e DOC-C11-008 mostra 'o mesmo projeto no digital e no material fisico'; QL-0022 registra necessidade de 'externalizacao de funcoes executivas'.,moderate,0.6,inference
EV-d99554820c,strategic_analysis,r1,O setor de conteudo sobre TDAH e descrito como segmentado em quatro categorias competitivas.,SA-02,rivalry,ECO-02,DOC-C07-007,"QL-0017: 'O setor e segmentado em midia/autoridade medica, infoprodutores, comercio eletronico de nicho e instituicoes/clinicas.'",moderate,0.7,fact
EV-67a3af8ecf,strategic_analysis,r1,O setor de conteudo sobre TDAH e descrito como segmentado em quatro categorias competitivas.,SA-02,rivalry,ECO-02,DOC-C07-009,"QL-0017: 'O setor e segmentado em midia/autoridade medica, infoprodutores, comercio eletronico de nicho e instituicoes/clinicas.'",moderate,0.7,fact
EV-f2e17c4f17,strategic_analysis,r1,"O framework compete com corpos metodologicos ja consolidados, e a fonte reconhece isso.",SA-02,rivalry,ECO-03,DOC-C02-030,"RC-TERM-007/008 classificam 'Cognitive Risk' e 'Managing Cognitive Risk' como ANTERIORIDADE; RC-012: 'PMI estrutura multiplos dominios'; RC-TERM-011/012/013 marcam ergonomia cognitiva, fatores humanos e neuroergonomia como adjacentes fortes.",strong,0.85,fact
EV-43055a96a9,strategic_analysis,r1,"O framework compete com corpos metodologicos ja consolidados, e a fonte reconhece isso.",SA-02,rivalry,ECO-03,DOC-C02-022,"RC-TERM-007/008 classificam 'Cognitive Risk' e 'Managing Cognitive Risk' como ANTERIORIDADE; RC-012: 'PMI estrutura multiplos dominios'; RC-TERM-011/012/013 marcam ergonomia cognitiva, fatores humanos e neuroergonomia como adjacentes fortes.",strong,0.85,fact
EV-749ccd2b35,strategic_analysis,r1,"O framework compete com corpos metodologicos ja consolidados, e a fonte reconhece isso.",SA-02,rivalry,ECO-03,DOC-C02-031,"RC-TERM-007/008 classificam 'Cognitive Risk' e 'Managing Cognitive Risk' como ANTERIORIDADE; RC-012: 'PMI estrutura multiplos dominios'; RC-TERM-011/012/013 marcam ergonomia cognitiva, fatores humanos e neuroergonomia como adjacentes fortes.",strong,0.85,fact
EV-88dd0fd57f,strategic_analysis,r1,Nao ha mapeamento de concorrentes para o Estudio no acervo lido.,SA-02,rivalry,ECO-07,DOC-C09-006,"DOC-C09-006, DOC-C12-006 e DOC-C12-007 definem oferta, pagina e formulario, mas nenhum documento nomeia concorrentes de automacao/consultoria.",none,0.7,gap
EV-c66fae360e,strategic_analysis,r1,Nao ha mapeamento de concorrentes para o Estudio no acervo lido.,SA-02,rivalry,ECO-07,DOC-C12-006,"DOC-C09-006, DOC-C12-006 e DOC-C12-007 definem oferta, pagina e formulario, mas nenhum documento nomeia concorrentes de automacao/consultoria.",none,0.7,gap
EV-62175cb4c1,strategic_analysis,r1,Nao ha mapeamento de concorrentes para o Estudio no acervo lido.,SA-02,rivalry,ECO-07,DOC-C12-007,"DOC-C09-006, DOC-C12-006 e DOC-C12-007 definem oferta, pagina e formulario, mas nenhum documento nomeia concorrentes de automacao/consultoria.",none,0.7,gap
EV-da0f0726d3,strategic_analysis,r1,"A categoria declarada do produto e sistema de gestao de processos, projetos, tarefas e workflows orientado a execucao.",SA-03A,category_definition,ECO-01,DOC-C05-001,"DOC-C05-001, item 03 do index: 'Sistema de gestao de processos, projetos, tarefas e workflows, orientado a execucao, adaptado as vulnerabilidades do usuario, com uso digital minimo e integracao analogica'.",strong,0.9,fact
EV-976e759c3b,strategic_analysis,r1,A tese explora a fronteira entre tres mercados de conteudo hoje separados.,SA-03A,market_boundaries,ECO-03,DOC-C01-005,DOC-C01-005: 'Ha tres mercados de conteudo que normalmente ficam separados... neurodivergencia... produtividade pessoal... gestao de riscos'; a proposta e 'colocar uma ponte no meio'.,strong,0.85,fact
EV-9b7ecf34fe,strategic_analysis,r1,A tese explora a fronteira entre tres mercados de conteudo hoje separados.,SA-03A,market_boundaries,ECO-03,DOC-C03-002,DOC-C01-005: 'Ha tres mercados de conteudo que normalmente ficam separados... neurodivergencia... produtividade pessoal... gestao de riscos'; a proposta e 'colocar uma ponte no meio'.,strong,0.85,fact
EV-974ffd01d2,strategic_analysis,r1,O material interno registra crescimento de 576% em buscas por TDAH em 5 anos e CAGR de 25-30% (2022-2025) caindo para 10-12% (2025-2030).,SA-03A,growth,ECO-02,DOC-C07-007,"QT-0137 '576,0% / 5 anos'; QT-0138 '25,0-30,0% ao ano / 2022-2025'; QT-0139 '10,0-12,0% ao ano / 2025-2030'. Todos com 'base amostral: Nao informada na imagem' e 'Requer validacao na referencia original'.",weak,0.45,fact
EV-e1db2e9480,strategic_analysis,r1,O material interno registra crescimento de 576% em buscas por TDAH em 5 anos e CAGR de 25-30% (2022-2025) caindo para 10-12% (2025-2030).,SA-03A,growth,ECO-02,DOC-C07-009,"QT-0137 '576,0% / 5 anos'; QT-0138 '25,0-30,0% ao ano / 2022-2025'; QT-0139 '10,0-12,0% ao ano / 2025-2030'. Todos com 'base amostral: Nao informada na imagem' e 'Requer validacao na referencia original'.",weak,0.45,fact
EV-0a0039d60e,strategic_analysis,r1,"O material interno afirma TAM estimado de R$ 5,07 bilhoes (Brasil), sem metodologia recuperavel.",SA-03B,tam,ECO-01,DOC-C07-007,"QT-0131: 'TAM estimado 5070000000.0 R$', geografia Brasil, fonte 'Documento Final Unificado: Sintese Estrategica de Neuroexecucao Aplicada', arquivo IMG_0537.HEIC, 'base amostral: Nao informada na imagem', 'Requer validacao na referencia original'.",weak,0.35,fact
EV-578a51b04f,strategic_analysis,r1,"O material interno afirma TAM estimado de R$ 5,07 bilhoes (Brasil), sem metodologia recuperavel.",SA-03B,tam,ECO-01,DOC-C07-009,"QT-0131: 'TAM estimado 5070000000.0 R$', geografia Brasil, fonte 'Documento Final Unificado: Sintese Estrategica de Neuroexecucao Aplicada', arquivo IMG_0537.HEIC, 'base amostral: Nao informada na imagem', 'Requer validacao na referencia original'.",weak,0.35,fact
EV-e71133e1d2,strategic_analysis,r1,Nao ha base nem metodologia identificavel para produzir um TAM defensavel do EXECUTAR neste acervo.,SA-03B,tam_methodology,ECO-01,DOC-C07-009,"Falta: universo de compradores definido, taxa de adocao, preco medio validado e fonte bibliografica ([1]-[8] ausente). O proprio dashboard adverte que 26,1 mi de trabalhadores por conta propria 'Nao equivale a TAM do EXECUTAR'.",none,0.85,gap
EV-7233490e0b,strategic_analysis,r1,Nao ha base nem metodologia identificavel para produzir um TAM defensavel do EXECUTAR neste acervo.,SA-03B,tam_methodology,ECO-01,DOC-C07-007,"Falta: universo de compradores definido, taxa de adocao, preco medio validado e fonte bibliografica ([1]-[8] ausente). O proprio dashboard adverte que 26,1 mi de trabalhadores por conta propria 'Nao equivale a TAM do EXECUTAR'.",none,0.85,gap
EV-ab353a2db6,strategic_analysis,r1,Ha duas posicoes incompativeis sobre dimensionamento de mercado dentro do mesmo acervo.,SA-03B,tam_conflict,ECO-01,DOC-C07-007,"Versao A (QT-0131/132/133): TAM R$5,07 bi, SAM R$357,3 mi, SOM R$3,26 mi em 3 anos. Versao B (dashboard V3 Final): 'Contexto de mercado. Nao equivale a TAM do EXECUTAR' e 'Strict VERIFIED 0'.",moderate,0.85,conflict
EV-f9c8a9941a,strategic_analysis,r1,Ha duas posicoes incompativeis sobre dimensionamento de mercado dentro do mesmo acervo.,SA-03B,tam_conflict,ECO-01,DOC-C07-009,"Versao A (QT-0131/132/133): TAM R$5,07 bi, SAM R$357,3 mi, SOM R$3,26 mi em 3 anos. Versao B (dashboard V3 Final): 'Contexto de mercado. Nao equivale a TAM do EXECUTAR' e 'Strict VERIFIED 0'.",moderate,0.85,conflict
EV-6671e65302,strategic_analysis,r1,"O material interno afirma SAM de R$ 357,3 milhoes e publico potencial de 6 milhoes de pessoas, sem metodologia recuperavel.",SA-03C,sam,ECO-01,DOC-C07-007,"QT-0132: 'SAM estimado 357300000.0 R$'; QT-0134: 'Publico potencial do SAM 6000000.0 pessoas'. Mesma limitacao: 'A imagem cita a referencia por numero, mas a lista bibliografica [1]-[8] nao esta no material anexado'.",weak,0.35,fact
EV-f03dacaee5,strategic_analysis,r1,"O material interno afirma SAM de R$ 357,3 milhoes e publico potencial de 6 milhoes de pessoas, sem metodologia recuperavel.",SA-03C,sam,ECO-01,DOC-C07-009,"QT-0132: 'SAM estimado 357300000.0 R$'; QT-0134: 'Publico potencial do SAM 6000000.0 pessoas'. Mesma limitacao: 'A imagem cita a referencia por numero, mas a lista bibliografica [1]-[8] nao esta no material anexado'.",weak,0.35,fact
EV-68aeeb3ea3,strategic_analysis,r1,"O material interno projeta SOM de R$ 3,26 milhoes em 3 anos, com meta de 500.000 inscritos e 1% de conversao anual.",SA-03D,som,ECO-01,DOC-C07-007,"QT-0133 'SOM projetado para tres anos 3260000.0 R$'; QT-0135 'Meta de inscritos 500000.0 / 3 anos'; QT-0136 'Conversao anual projetada 1,0%'.",weak,0.35,fact
EV-7963dd8841,strategic_analysis,r1,"O material interno projeta SOM de R$ 3,26 milhoes em 3 anos, com meta de 500.000 inscritos e 1% de conversao anual.",SA-03D,som,ECO-01,DOC-C07-009,"QT-0133 'SOM projetado para tres anos 3260000.0 R$'; QT-0135 'Meta de inscritos 500000.0 / 3 anos'; QT-0136 'Conversao anual projetada 1,0%'.",weak,0.35,fact
EV-92a63464ce,strategic_analysis,r1,A meta herdada de 500.000 inscritos contradiz a regra vigente de nao fixar metas sem baseline.,SA-03D,som_conflict,ECO-02,DOC-C07-007,QT-0135: 'Meta de inscritos 500000.0'. DOC-C02-043 (Objetivo SMART): 'Nao estabelecer ainda metas arbitrarias de seguidores ou leads sem baseline.',moderate,0.8,conflict
EV-d9d6da8b2f,strategic_analysis,r1,A meta herdada de 500.000 inscritos contradiz a regra vigente de nao fixar metas sem baseline.,SA-03D,som_conflict,ECO-02,DOC-C02-043,QT-0135: 'Meta de inscritos 500000.0'. DOC-C02-043 (Objetivo SMART): 'Nao estabelecer ainda metas arbitrarias de seguidores ou leads sem baseline.',moderate,0.8,conflict
EV-86ae19663e,strategic_analysis,r1,Nao existe dimensionamento de mercado especifico para a unidade editorial.,SA-03B,tam,ECO-02,DOC-C07-007,"Os unicos numeros de mercado no acervo (QT-0131/132/133) referem-se ao projeto de produto/neuroexecucao, nao a receita editorial; nenhum documento estima receita de publicidade, newsletter ou patrocinio.",none,0.8,gap
EV-1d3f4394a1,strategic_analysis,r1,Nao existe TAM/SAM/SOM para os servicos; ha apenas preco e capacidade.,SA-03B,tam,ECO-07,DOC-C05-001,"DOC-C05-001 registra 'Um projeto, uma entrega, uma semana: R$ 700,00' e 'Limite de um cliente por semana', mas nenhum documento estima demanda ou numero de compradores potenciais.",none,0.85,gap
EV-92b190f032,strategic_analysis,r1,"A segmentacao adotada e comportamental, nao clinica.",SA-04A,segmentation_axis,ECO-01,DOC-C07-009,"Decisao ICP-01: 'Iniciar testes por profissionais independentes multiprojeto, sem exigir diagnostico de TDAH'; 'O que nao e criterio de entrada: Diagnostico de TDAH'.",strong,0.9,fact
EV-e9e55e049f,strategic_analysis,r1,O material editorial define publico prioritario como empreendedores e profissionais liberais adultos com TDAH.,SA-04A,segment_definition,ECO-02,DOC-C07-007,QL-0018: 'Empreendedores e profissionais liberais adultos com TDAH sao definidos como publico prioritario'; QT-0140/0141 fixam faixa etaria 25-44 anos.,moderate,0.75,fact
EV-21f82d1f24,strategic_analysis,r1,O material editorial define publico prioritario como empreendedores e profissionais liberais adultos com TDAH.,SA-04A,segment_definition,ECO-02,DOC-C07-009,QL-0018: 'Empreendedores e profissionais liberais adultos com TDAH sao definidos como publico prioritario'; QT-0140/0141 fixam faixa etaria 25-44 anos.,moderate,0.75,fact
EV-0f30595ebe,strategic_analysis,r1,Ha tensao entre a segmentacao clinica do editorial e a segmentacao comportamental do produto.,SA-04A,segment_conflict,ECO-01,DOC-C07-007,Editorial (QL-0018): publico e 'adultos com TDAH'. Produto (ICP-01): 'diagnostico nao define o ICP comercial inicial'. As duas convivem no mesmo funil de lancamento de 07/09.,moderate,0.75,conflict
EV-5b6f7e8e03,strategic_analysis,r1,Ha tensao entre a segmentacao clinica do editorial e a segmentacao comportamental do produto.,SA-04A,segment_conflict,ECO-01,DOC-C07-009,Editorial (QL-0018): publico e 'adultos com TDAH'. Produto (ICP-01): 'diagnostico nao define o ICP comercial inicial'. As duas convivem no mesmo funil de lancamento de 07/09.,moderate,0.75,conflict
EV-8b01db0a58,strategic_analysis,r1,Ha tensao entre a segmentacao clinica do editorial e a segmentacao comportamental do produto.,SA-04A,segment_conflict,ECO-01,DOC-C12-005,Editorial (QL-0018): publico e 'adultos com TDAH'. Produto (ICP-01): 'diagnostico nao define o ICP comercial inicial'. As duas convivem no mesmo funil de lancamento de 07/09.,moderate,0.75,conflict
EV-cc28969ecd,strategic_analysis,r1,O framework define dois publicos distintos: leitores interessados e especialistas como critica externa.,SA-04A,segment_definition,ECO-03,DOC-C02-039,"DOC-C02-039 (BMC): 'Leitores interessados em funcoes executivas, neurodivergencia, trabalho, projetos e risco; especialistas entram como critica externa, nao como endosso.'",strong,0.85,fact
EV-d8c044acb0,strategic_analysis,r1,O framework define dois publicos distintos: leitores interessados e especialistas como critica externa.,SA-04A,segment_definition,ECO-03,DOC-C02-042,"DOC-C02-039 (BMC): 'Leitores interessados em funcoes executivas, neurodivergencia, trabalho, projetos e risco; especialistas entram como critica externa, nao como endosso.'",strong,0.85,fact
EV-91d8be5d6d,strategic_analysis,r1,Nao ha definicao de segmento para os servicos alem de tres familias nao especificadas no acervo lido.,SA-04A,segment_definition,ECO-07,DOC-C09-006,"DOC-C09-006 lista como pendencia 'tres familias de servico' e 'condicao de preco inicial'; DOC-C02-004 registra CONS-01/CONS-02 como CONCLUIDO, mas nenhum documento lido nomeia as tres familias.",none,0.75,gap
EV-d95ff2504e,strategic_analysis,r1,Nao ha definicao de segmento para os servicos alem de tres familias nao especificadas no acervo lido.,SA-04A,segment_definition,ECO-07,DOC-C02-004,"DOC-C09-006 lista como pendencia 'tres familias de servico' e 'condicao de preco inicial'; DOC-C02-004 registra CONS-01/CONS-02 como CONCLUIDO, mas nenhum documento lido nomeia as tres familias.",none,0.75,gap
EV-8e9876e0e5,strategic_analysis,r1,Nao ha definicao de segmento para os servicos alem de tres familias nao especificadas no acervo lido.,SA-04A,segment_definition,ECO-07,DOC-C12-006,"DOC-C09-006 lista como pendencia 'tres familias de servico' e 'condicao de preco inicial'; DOC-C02-004 registra CONS-01/CONS-02 como CONCLUIDO, mas nenhum documento lido nomeia as tres familias.",none,0.75,gap
EV-497090ae47,strategic_analysis,r1,O ICP comercial a testar esta escrito de forma operacional e falseavel.,SA-04B,icp,ECO-01,DOC-C07-009,"Dashboard: 'Profissional independente/solo brasileiro, aproximadamente 25-44 anos, multiprojeto, que perde contexto, tem dificuldade recorrente para escolher proxima acao, ja tentou ferramentas de produtividade e controla/influencia a propria compra.'",strong,0.9,fact
EV-efbcd8373f,strategic_analysis,r1,O ICP permanece hipotese: nao ha validacao com clientes reais.,SA-04B,icp_validation,ECO-01,DOC-C07-009,gaps[0]: 'ICP comercial - HIPOTESE FORTE / TESTAVEL - closed: false - remaining: Validacao com clientes reais'; finding ICP-HYP-01 tem epistemic_class E e status HYPOTHESIS.,strong,0.9,fact
EV-8c6359a9c2,strategic_analysis,r1,"O ICP do Estudio esta implicito no formulario de entrada, nao declarado.",SA-04B,icp,ECO-07,DOC-C12-003,"DOC-C12-003 pergunta 'como trabalha hoje; principal atrito; ferramentas atuais; resultado desejado; ... prazo desejado; faixa de investimento' - e um instrumento de qualificacao, mas nenhum documento declara o perfil-alvo.",moderate,0.7,gap
EV-60c5a05cef,strategic_analysis,r1,"O ICP do Estudio esta implicito no formulario de entrada, nao declarado.",SA-04B,icp,ECO-07,DOC-C09-006,"DOC-C12-003 pergunta 'como trabalha hoje; principal atrito; ferramentas atuais; resultado desejado; ... prazo desejado; faixa de investimento' - e um instrumento de qualificacao, mas nenhum documento declara o perfil-alvo.",moderate,0.7,gap
EV-6c03b1000c,strategic_analysis,r1,O acervo formula oito enunciados de job em primeira pessoa que descrevem a distancia entre intencao e execucao.,SA-04C,job_statement,ECO-02,DOC-C01-005,"DOC-C01-005: 'Quero fazer, mas nao consigo iniciar. Comeco, mas nao consigo sustentar. Sei fazer, mas esqueco etapas... Entrego, mas atraves de urgencia, estresse e recuperacao posterior. Crio sistemas de produtividade, mas nao consigo mante-los.'",strong,0.9,fact
EV-f1e60874a0,strategic_analysis,r1,O acervo formula oito enunciados de job em primeira pessoa que descrevem a distancia entre intencao e execucao.,SA-04C,job_statement,ECO-02,DOC-C03-002,"DOC-C01-005: 'Quero fazer, mas nao consigo iniciar. Comeco, mas nao consigo sustentar. Sei fazer, mas esqueco etapas... Entrego, mas atraves de urgencia, estresse e recuperacao posterior. Crio sistemas de produtividade, mas nao consigo mante-los.'",strong,0.9,fact
EV-3b6e3cd264,strategic_analysis,r1,O job funcional central e transformar contexto em proxima acao valida e preservar o estado do trabalho.,SA-04C,functional_job,ECO-01,DOC-C07-009,positioning: 'Sistema de execucao para profissionais multiprojeto que transforma contexto em proxima acao e preserva o estado do trabalho'; VALUE_EVENT-01: 'Projeto real -> contexto interpretado -> proxima acao valida -> acao executada -> conclusao/evidencia registrada'.,strong,0.9,fact
EV-5f92fe6be1,strategic_analysis,r1,A matriz GP-01 a GP-11 mapeia onze jobs de gestao de projetos contra vulnerabilidades executivas e controles compensatorios.,SA-04C,job_map,ECO-03,DOC-C07-003,"DOC-C07-003 traz 11 linhas com colunas Funcao / Capacidade exigida / Vulnerabilidade / Evidencia (B/C/E) / Impacto operacional / Compensacao sistemica / Decisao de produto, de 'Iniciacao e escopo' a 'Capacidade e forecasting'.",strong,0.9,fact
EV-10862bbb8e,strategic_analysis,r1,A matriz GP-01 a GP-11 mapeia onze jobs de gestao de projetos contra vulnerabilidades executivas e controles compensatorios.,SA-04C,job_map,ECO-03,DOC-C07-002,"DOC-C07-003 traz 11 linhas com colunas Funcao / Capacidade exigida / Vulnerabilidade / Evidencia (B/C/E) / Impacto operacional / Compensacao sistemica / Decisao de produto, de 'Iniciacao e escopo' a 'Capacidade e forecasting'.",strong,0.9,fact
EV-7f770343a6,strategic_analysis,r1,A matriz GP-01 a GP-11 mapeia onze jobs de gestao de projetos contra vulnerabilidades executivas e controles compensatorios.,SA-04C,job_map,ECO-03,DOC-C07-004,"DOC-C07-003 traz 11 linhas com colunas Funcao / Capacidade exigida / Vulnerabilidade / Evidencia (B/C/E) / Impacto operacional / Compensacao sistemica / Decisao de produto, de 'Iniciacao e escopo' a 'Capacidade e forecasting'.",strong,0.9,fact
EV-a0b2341696,strategic_analysis,r1,"O mecanismo de falha mais forte da matriz e o de execucao sustentada, classificado como evidencia B/C forte.",SA-04C,job_pain,ECO-03,DOC-C07-003,"GP-06: 'Competicao entre estimulos + duracao -> abandono, fragmentacao ou multiplos trabalhos parcialmente abertos', evidencia 'B/C forte', compensacao 'Modo foco, WIP baixo, fila separada, captura de interrupcoes sem abandonar tarefa atual'.",strong,0.85,fact
EV-78ee30f291,strategic_analysis,r1,"O mecanismo de falha mais forte da matriz e o de execucao sustentada, classificado como evidencia B/C forte.",SA-04C,job_pain,ECO-03,DOC-C07-002,"GP-06: 'Competicao entre estimulos + duracao -> abandono, fragmentacao ou multiplos trabalhos parcialmente abertos', evidencia 'B/C forte', compensacao 'Modo foco, WIP baixo, fila separada, captura de interrupcoes sem abandonar tarefa atual'.",strong,0.85,fact
EV-16f014f042,strategic_analysis,r1,O job do cliente de servico e declarado como sair com um sistema funcionando em sete dias.,SA-04C,job_statement,ECO-07,DOC-C09-006,"DOC-C09-006: 'Traga o problema. Em 7 dias, saia com um sistema funcionando'; modelo '1 cliente por semana - 1 projeto - 1 entrega principal - 7 dias'.",strong,0.9,fact
EV-0b4ad3178b,strategic_analysis,r1,O job do cliente de servico e declarado como sair com um sistema funcionando em sete dias.,SA-04C,job_statement,ECO-07,DOC-C05-001,"DOC-C09-006: 'Traga o problema. Em 7 dias, saia com um sistema funcionando'; modelo '1 cliente por semana - 1 projeto - 1 entrega principal - 7 dias'.",strong,0.9,fact
EV-4daf8c1f7e,strategic_analysis,r1,Nao existe pesquisa primaria com clientes reais em nenhuma das quatro unidades.,SA-04D,primary_research,ECO-01,DOC-C07-009,"Dashboard: 'Strict VERIFIED 0'; gaps ICP/Preco/CAC/LTV/PMF/Eficacia todos com closed: false e remaining apontando para validacao com clientes/coorte real; a base tem 240 registros legados, sendo 142 de livro e 98 de documento interno.",strong,0.9,fact
EV-37796564cf,strategic_analysis,r1,Nao existe pesquisa primaria com clientes reais em nenhuma das quatro unidades.,SA-04D,primary_research,ECO-01,DOC-C07-007,"Dashboard: 'Strict VERIFIED 0'; gaps ICP/Preco/CAC/LTV/PMF/Eficacia todos com closed: false e remaining apontando para validacao com clientes/coorte real; a base tem 240 registros legados, sendo 142 de livro e 98 de documento interno.",strong,0.9,fact
EV-092352dcac,strategic_analysis,r1,"As necessidades explicitas e implicitas do publico estao registradas, mas derivam de documento interno e nao de escuta direta.",SA-04D,stated_need,ECO-02,DOC-C07-007,"QL-0021: 'necessidades de foco, organizacao e reducao da procrastinacao'; QL-0022: 'validacao nao moral, externalizacao de funcoes executivas e reforcos externos imediatos'; conjunto: 'Documento interno do projeto'.",moderate,0.65,fact
EV-46ad69ab22,strategic_analysis,r1,A dor moral (culpa e interpretacao de preguica) e registrada como agravante do problema funcional.,SA-04D,emotional_job,ECO-02,DOC-C07-007,"QL-0020: 'Culpa e interpretacao de preguica agravam o problema funcional'; QL-0019: 'falha cronica de autorregulacao e funcao executiva, expressa por procrastinacao e abandono apesar de criatividade e hiperfoco'.",moderate,0.7,fact
EV-f936de516a,strategic_analysis,r1,"Ha estimativas internas de volume de busca por cinco termos-chave, sem metodologia nem data.",SA-04D,demand_signal,ECO-02,DOC-C07-007,QT-0154 'TDAH adulto 110.000-140.000 buscas/mes'; QT-0155 'TDAH procrastinacao 18.000-25.000'; QT-0156 'funcoes executivas 12.000-18.000'; QT-0157 'como organizar com TDAH 9.000-15.000'; QT-0158 'planner para TDAH 6.000-10.000'. Observacao: 'metodologia e data da pesquisa nao aparecem na imagem'.,weak,0.45,fact
EV-8146c2106f,strategic_analysis,r1,"Ha estimativas internas de volume de busca por cinco termos-chave, sem metodologia nem data.",SA-04D,demand_signal,ECO-02,DOC-C07-009,QT-0154 'TDAH adulto 110.000-140.000 buscas/mes'; QT-0155 'TDAH procrastinacao 18.000-25.000'; QT-0156 'funcoes executivas 12.000-18.000'; QT-0157 'como organizar com TDAH 9.000-15.000'; QT-0158 'planner para TDAH 6.000-10.000'. Observacao: 'metodologia e data da pesquisa nao aparecem na imagem'.,weak,0.45,fact
EV-6185cc13e0,strategic_analysis,r1,"Ha dois numeros de contexto de trabalho citados a partir de blog corporativo, com forca de evidencia baixa.",SA-04D,behavioral_evidence,ECO-01,DOC-C07-007,"QT-000175: '23,0 minutos para recuperar o foco apos notificacao/troca de contexto'; QT-000176: 'intervalo de 2,0 minutos entre notificacoes', ambos fonte 'Toggl (blog corporativo)', publico 'Trabalhadores do conhecimento'.",weak,0.45,fact
EV-d59b36932e,strategic_analysis,r1,"O termo cognitive risk ja possui anterioridade publicada, e o acervo registra isso explicitamente.",SA-05,prior_art,ECO-03,DOC-C02-030,"RC-TERM-007 aponta o livro 'Cognitive Risk' (Bone & Lee, Routledge) e RC-TERM-008 o capitulo 'Managing Cognitive Risk' (Emerald) como STATUS ANTERIORIDADE; guardrail: 'Nao reivindicar autoria do termo'.",strong,0.9,fact
EV-692e07a753,strategic_analysis,r1,"O termo cognitive risk ja possui anterioridade publicada, e o acervo registra isso explicitamente.",SA-05,prior_art,ECO-03,DOC-C02-022,"RC-TERM-007 aponta o livro 'Cognitive Risk' (Bone & Lee, Routledge) e RC-TERM-008 o capitulo 'Managing Cognitive Risk' (Emerald) como STATUS ANTERIORIDADE; guardrail: 'Nao reivindicar autoria do termo'.",strong,0.9,fact
EV-10399ea92d,strategic_analysis,r1,"O whitespace declarado e a integracao perfil executivo -> demanda cognitiva -> falha -> probabilidade/impacto -> controle -> evidencia, aplicada a projetos e neurodivergencia.",SA-05,whitespace,ECO-03,DOC-C02-031,"DOC-C02-031, item 3: 'Nao foi identificado, nesta rodada, um framework consolidado que una explicitamente: perfil executivo individual -> demanda cognitiva da tarefa -> evento provavel de falha -> probabilidade/impacto -> controle compensatorio -> evidencia de execucao'.",strong,0.85,fact
EV-f5dfa2ab27,strategic_analysis,r1,"O whitespace declarado e a integracao perfil executivo -> demanda cognitiva -> falha -> probabilidade/impacto -> controle -> evidencia, aplicada a projetos e neurodivergencia.",SA-05,whitespace,ECO-03,DOC-C02-016,"DOC-C02-031, item 3: 'Nao foi identificado, nesta rodada, um framework consolidado que una explicitamente: perfil executivo individual -> demanda cognitiva da tarefa -> evento provavel de falha -> probabilidade/impacto -> controle compensatorio -> evidencia de execucao'.",strong,0.85,fact
EV-08608d69a6,strategic_analysis,r1,Tratar a ausencia de framework equivalente como prova de ineditismo e registrado como risco de credibilidade pelo proprio acervo.,SA-05,whitespace_risk,ECO-03,DOC-C02-031,"DOC-C02-031, item 4: 'Nao encontramos nao significa nao existe'; DOC-C02-039 (Riscos): 'Tratar a ausencia de um framework equivalente nas buscas como prova de ineditismo pode comprometer a credibilidade cientifica e estrategica da proposta'.",strong,0.9,fact
EV-2449eee931,strategic_analysis,r1,Tratar a ausencia de framework equivalente como prova de ineditismo e registrado como risco de credibilidade pelo proprio acervo.,SA-05,whitespace_risk,ECO-03,DOC-C02-039,"DOC-C02-031, item 4: 'Nao encontramos nao significa nao existe'; DOC-C02-039 (Riscos): 'Tratar a ausencia de um framework equivalente nas buscas como prova de ineditismo pode comprometer a credibilidade cientifica e estrategica da proposta'.",strong,0.9,fact
EV-a8bd8f974c,strategic_analysis,r1,Tratar a ausencia de framework equivalente como prova de ineditismo e registrado como risco de credibilidade pelo proprio acervo.,SA-05,whitespace_risk,ECO-03,DOC-C02-043,"DOC-C02-031, item 4: 'Nao encontramos nao significa nao existe'; DOC-C02-039 (Riscos): 'Tratar a ausencia de um framework equivalente nas buscas como prova de ineditismo pode comprometer a credibilidade cientifica e estrategica da proposta'.",strong,0.9,fact
EV-754df25bf5,strategic_analysis,r1,"O acervo estima receita anual de R$595-654 mil para o concorrente TDAH Descomplicado, sem fonte resolvida.",SA-05,competitor_benchmark,ECO-02,DOC-C07-007,"QT-0145: 'Receita anual estimada do concorrente TDAH Descomplicado, 595000.0-654000.0 R$/ano', 'Requer validacao na referencia original', bibliografia [2][4] ausente do material.",weak,0.4,fact
EV-2607b962c6,strategic_analysis,r1,"O acervo estima receita anual de R$595-654 mil para o concorrente TDAH Descomplicado, sem fonte resolvida.",SA-05,competitor_benchmark,ECO-02,DOC-C07-009,"QT-0145: 'Receita anual estimada do concorrente TDAH Descomplicado, 595000.0-654000.0 R$/ano', 'Requer validacao na referencia original', bibliografia [2][4] ausente do material.",weak,0.4,fact
EV-87698fad36,strategic_analysis,r1,A lacuna competitiva hipotetizada e que concorrentes seriam fortes em sintomas e medicacao e fracos em aplicacao pratica.,SA-05,competitive_gap,ECO-02,DOC-C07-007,"QL-0026: 'Concorrentes seriam mais fortes em sintomas e medicacao do que em aplicacao pratica e desempenho'; recomendacao da propria fonte: 'Validar a lacuna por auditoria de conteudo e entrevistas, antes de assumir oceano azul'.",moderate,0.65,hypothesis
EV-2cd94152c6,strategic_analysis,r1,"Dark patterns em apps de produtividade sao registrados como fator negativo de confianca, criando espaco de diferenciacao etica.",SA-05,competitive_practice,ECO-01,DOC-C07-007,"QL-000050: 'Padroes de design enganoso (dificuldade para cancelar assinatura, inducao de culpa, continuidade forcada) sao apontados como prejudiciais a confianca do usuario em aplicativos de produtividade'.",moderate,0.7,fact
EV-d03309a5b5,strategic_analysis,r1,O ecossistema declara seis fontes de receita distintas ligadas por um registro unico de CTAs.,SA-06A,revenue_streams,ECO-01,DOC-C06-001,"CTA Registry (DOC-C06-001): CTA-001 App, CTA-004 E-book, CTA-005 Curso, CTA-006 Studio (servico), CTA-007 Amazon Affiliate, CTA-009 Office Kit (fisico), alem de CTA-003 Biblioteca e CTA-008/010 captacao de lead.",strong,0.9,fact
EV-fa58258692,strategic_analysis,r1,O ecossistema declara seis fontes de receita distintas ligadas por um registro unico de CTAs.,SA-06A,revenue_streams,ECO-01,DOC-C05-001,"CTA Registry (DOC-C06-001): CTA-001 App, CTA-004 E-book, CTA-005 Curso, CTA-006 Studio (servico), CTA-007 Amazon Affiliate, CTA-009 Office Kit (fisico), alem de CTA-003 Biblioteca e CTA-008/010 captacao de lead.",strong,0.9,fact
EV-3309c6cab3,strategic_analysis,r1,O material posiciona infoprodutos como motor de margem e produtos fisicos como retencao e marca.,SA-06A,margin_pool,ECO-01,DOC-C07-007,"QL-0039: 'Infoprodutos sao propostos como motor de margem e produtos fisicos como retencao e marca'; QT-0148: 'Margem bruta de infoprodutos 83,0% ou mais'; QT-0151: 'Preco sugerido de produto fisico premium 350,0 R$ ou mais'.",weak,0.5,fact
EV-db5063f483,strategic_analysis,r1,O material posiciona infoprodutos como motor de margem e produtos fisicos como retencao e marca.,SA-06A,margin_pool,ECO-01,DOC-C07-009,"QL-0039: 'Infoprodutos sao propostos como motor de margem e produtos fisicos como retencao e marca'; QT-0148: 'Margem bruta de infoprodutos 83,0% ou mais'; QT-0151: 'Preco sugerido de produto fisico premium 350,0 R$ ou mais'.",weak,0.5,fact
EV-196c7ae12c,strategic_analysis,r1,A monetizacao por afiliados esta desenhada como camada editorial com comissao de 10% em livros na Amazon.,SA-06A,affiliate_pool,ECO-02,DOC-C05-001,"DOC-C05-001, Macro 01: 'A tabela padrao atual informa 10% para livros e livros digitais em compras qualificadas'; AF-04: 'Recomendacao editorial primeiro; monetizacao depois'; biblioteca inicial BK-01/02/03 (Barkley, Ana Beatriz Silva, Barkley EF).",strong,0.85,fact
EV-3c3a78fe44,strategic_analysis,r1,Ha conflito registrado sobre a alocacao da receita de AdSense ao braco social.,SA-06A,revenue_conflict,ECO-02,DOC-C07-007,"QT-0152: 'Alocacao de AdSense inicialmente cogitada 70,0% da receita'; QT-0153: 'Alocacao inicial recomendada 10,0%'; QL-0016: '70% ... e considerada incompativel com reinvestimento e consistencia operacional'.",moderate,0.75,conflict
EV-5ce6baf077,strategic_analysis,r1,Ha conflito registrado sobre a alocacao da receita de AdSense ao braco social.,SA-06A,revenue_conflict,ECO-02,DOC-C07-009,"QT-0152: 'Alocacao de AdSense inicialmente cogitada 70,0% da receita'; QT-0153: 'Alocacao inicial recomendada 10,0%'; QL-0016: '70% ... e considerada incompativel com reinvestimento e consistencia operacional'.",moderate,0.75,conflict
EV-cc0bd1e3d4,strategic_analysis,r1,"O modelo economico do app e integralmente hipotetico: ARPU, margem e churn sao premissas, nao observacoes.",SA-06B,unit_economics,ECO-01,DOC-C07-009,"unit_economics.status: 'MODEL_HYPOTHESIS_NOT_OBSERVED'; cenarios: churn 10%/15%/20% -> LTV R$424 / R$282,77 / R$212 e CAC maximo para LTV:CAC=3 de R$141 / R$94 / R$71, com ARPU R$49,90 e margem bruta 85%.",strong,0.9,fact
EV-ce2c827e52,strategic_analysis,r1,"O guardrail de CAC e R$70 (conservador) com alerta em aproximadamente R$95, e a fonte distingue CAC de metricas intermediarias.",SA-06B,cac_guardrail,ECO-01,DOC-C07-009,"Decisao CAC-01 e painel: 'CAC observado = gasto atribuivel / novos clientes pagantes. CPI, CPM, clique e cadastro nao substituem CAC.'",strong,0.9,fact
EV-d67e5f4223,strategic_analysis,r1,"O preco e um experimento declarado, nao uma tabela: R$29,90 / R$49,90 / R$79,90 mensais e R$299 / R$499 / R$799 anuais.",SA-06B,pricing,ECO-01,DOC-C07-009,"research.pricing: monthly_branches_brl [29.9, 49.9, 79.9], annual_branches_brl [299, 499, 799], central_test_price_brl 49.9, status 'HYPOTHESIS_TO_TEST'; painel: 'Preco canonico ainda nao existe'.",strong,0.9,fact
EV-14af80201c,strategic_analysis,r1,"O servico tem preco declarado de R$700 por projeto de uma semana, com capacidade de um cliente por semana.",SA-06B,service_pricing,ECO-07,DOC-C05-001,"DOC-C05-001: 'Preco: Um projeto, uma entrega, uma semana: R$ 700,00'; 'Capacidade e escassez: Limite de um cliente por semana, apresentado como diferencial do servico'.",strong,0.9,fact
EV-e9510ae33c,strategic_analysis,r1,"O servico tem preco declarado de R$700 por projeto de uma semana, com capacidade de um cliente por semana.",SA-06B,service_pricing,ECO-07,DOC-C09-006,"DOC-C05-001: 'Preco: Um projeto, uma entrega, uma semana: R$ 700,00'; 'Capacidade e escassez: Limite de um cliente por semana, apresentado como diferencial do servico'.",strong,0.9,fact
EV-9ee0b05eb2,strategic_analysis,r1,"Com R$700 por semana e um cliente por semana, o teto teorico de receita do Estudio e cerca de R$36,4 mil por ano.",SA-06B,service_capacity_ceiling,ECO-07,DOC-C05-001,"Derivacao aritmetica direta de DOC-C05-001: R$700 x 52 semanas = R$36.400/ano, ignorando ferias, semanas sem cliente e os primeiros clientes atendidos sem cobranca.",moderate,0.8,inference
EV-cb15d7a220,strategic_analysis,r1,Os primeiros clientes podem ser atendidos sem cobranca para construcao de portfolio.,SA-06B,pricing_strategy,ECO-07,DOC-C05-001,"DOC-C05-001: 'Primeiros clientes podem ser atendidos sem cobranca para construcao de portfolio, com transparencia sobre fase inicial e possiveis refinamentos'.",strong,0.85,fact
EV-7e81a99b3e,strategic_analysis,r1,"O custo variavel de IA e reconhecido como evento a medir, mas nao ha nenhum valor estimado no acervo.",SA-06B,cost_structure,ECO-01,DOC-C07-009,"telemetry.required_events inclui 'variable_ai_cost', porem nenhum documento lido apresenta custo por usuario, por execucao ou por token.",none,0.8,gap
EV-f15ec5403c,strategic_analysis,r1,Nao existe modelo economico proprio para a unidade editorial.,SA-06B,economics,ECO-02,DOC-C02-039,"O BMC de DOC-C02-039 tem 'Riscos / custos cognitivos' e 'Entregas / evidencia', mas nenhuma linha de receita, custo ou ponto de equilibrio; o objetivo declarado da fase e validar interesse, nao receita.",none,0.8,gap
EV-5fa55df3da,strategic_analysis,r1,Nao existe modelo economico proprio para a unidade editorial.,SA-06B,economics,ECO-02,DOC-C02-043,"O BMC de DOC-C02-039 tem 'Riscos / custos cognitivos' e 'Entregas / evidencia', mas nenhuma linha de receita, custo ou ponto de equilibrio; o objetivo declarado da fase e validar interesse, nao receita.",none,0.8,gap
EV-02406974f9,strategic_analysis,r1,A cadeia editorial e de derivacao 1 para N a partir de um conteudo canonico.,SA-07A,content_chain,ECO-02,DOC-C10-003,"DOC-C10-003: 'Artigo canonico -> imagem principal -> diagramas -> video -> cortes curtos -> carrossel/post -> chamada -> agenda'; DOC-C02-043 registra 'produzir tudo por derivacao 1->N, comecando pelo artigo mestre'.",strong,0.9,fact
EV-a638439f74,strategic_analysis,r1,A cadeia editorial e de derivacao 1 para N a partir de um conteudo canonico.,SA-07A,content_chain,ECO-02,DOC-C02-043,"DOC-C10-003: 'Artigo canonico -> imagem principal -> diagramas -> video -> cortes curtos -> carrossel/post -> chamada -> agenda'; DOC-C02-043 registra 'produzir tudo por derivacao 1->N, comecando pelo artigo mestre'.",strong,0.9,fact
EV-3718a6adf1,strategic_analysis,r1,A cadeia editorial e de derivacao 1 para N a partir de um conteudo canonico.,SA-07A,content_chain,ECO-02,DOC-C02-014,"DOC-C10-003: 'Artigo canonico -> imagem principal -> diagramas -> video -> cortes curtos -> carrossel/post -> chamada -> agenda'; DOC-C02-043 registra 'produzir tudo por derivacao 1->N, comecando pelo artigo mestre'.",strong,0.9,fact
EV-3536ce0711,strategic_analysis,r1,A cadeia de entrega do lancamento e definida como pacote fechado com dez elos obrigatorios.,SA-07A,delivery_chain,ECO-01,DOC-C06-001,DOC-C06-001: 'conteudo -> assets -> CTA -> brinde -> destino -> CMS -> distribuicao -> agendamento -> tracking -> evidencia = DONE'; regra de ouro: 'Nenhum output produzido pode ficar orfao'.,strong,0.9,fact
EV-33b2bb10a2,strategic_analysis,r1,A cadeia de entrega do lancamento e definida como pacote fechado com dez elos obrigatorios.,SA-07A,delivery_chain,ECO-01,DOC-C08-003,DOC-C06-001: 'conteudo -> assets -> CTA -> brinde -> destino -> CMS -> distribuicao -> agendamento -> tracking -> evidencia = DONE'; regra de ouro: 'Nenhum output produzido pode ficar orfao'.,strong,0.9,fact
EV-fec0506765,strategic_analysis,r1,"A cadeia de servico tem nove etapas em aproximadamente sete dias, do formulario ao pos-entrega.",SA-07A,service_chain,ECO-07,DOC-C05-001,"DOC-C05-001: 'Jornada de aproximadamente sete dias, com formulario inicial, consulta extensa, desenvolvimento, prototipo, teste, refinamento, entrega, onboarding e periodo posterior para duvidas'.",strong,0.85,fact
EV-4cb3eb5285,strategic_analysis,r1,"A cadeia de servico tem nove etapas em aproximadamente sete dias, do formulario ao pos-entrega.",SA-07A,service_chain,ECO-07,DOC-C11-010,"DOC-C05-001: 'Jornada de aproximadamente sete dias, com formulario inicial, consulta extensa, desenvolvimento, prototipo, teste, refinamento, entrega, onboarding e periodo posterior para duvidas'.",strong,0.85,fact
EV-02a6d5f9b4,strategic_analysis,r1,"A cadeia de servico tem nove etapas em aproximadamente sete dias, do formulario ao pos-entrega.",SA-07A,service_chain,ECO-07,DOC-C12-003,"DOC-C05-001: 'Jornada de aproximadamente sete dias, com formulario inicial, consulta extensa, desenvolvimento, prototipo, teste, refinamento, entrega, onboarding e periodo posterior para duvidas'.",strong,0.85,fact
EV-c70275c9f9,strategic_analysis,r1,O ecossistema e desenhado como ciclo em que o proprio produto serve de showroom da capacidade de servico.,SA-07A,ecosystem_loop,ECO-01,DOC-C05-001,"DOC-C05-001: 'Autoridade pessoal -> Conteudo -> Produtos -> Demonstracao pratica -> Servico -> Cliente -> Caso real -> Portfolio -> Mais autoridade'; e 'o Executar nao e apenas um produto... funciona simultaneamente como produto, laboratorio, prova de competencia, showroom e principal ativo de autoridade comercial'.",strong,0.9,fact
EV-f77a1b9d17,strategic_analysis,r1,"A infraestrutura editorial esta definida e tem criterio de aceite operacional, nao tecnico.",SA-07A,tech_stack,ECO-02,DOC-C02-017,"DOC-C02-017: 'Vercel Payload Website Starter + Next.js + Payload CMS + PostgreSQL/Neon + Vercel Blob'; DoD: 'Abrir /admin -> criar artigo -> ... -> publicar, sem editar codigo'.",strong,0.9,fact
EV-23a135a628,strategic_analysis,r1,"A infraestrutura editorial esta definida e tem criterio de aceite operacional, nao tecnico.",SA-07A,tech_stack,ECO-02,DOC-C02-043,"DOC-C02-017: 'Vercel Payload Website Starter + Next.js + Payload CMS + PostgreSQL/Neon + Vercel Blob'; DoD: 'Abrir /admin -> criar artigo -> ... -> publicar, sem editar codigo'.",strong,0.9,fact
EV-38bafbf9a7,strategic_analysis,r1,"A capacidade de engenharia esta comprovada por estado real de repositorio, nao por declaracao.",SA-07B,engineering,ECO-01,DOC-C04-002,DOC-C04-002: 'HEAD de main: 4c8f360 (merge do PR #77)... typecheck limpo... 51/51 vitest passando... 347/347 testes de governanca... CI 3/3 checks verdes em cada um dos PRs mesclados'; handoff gerado 'a partir do estado real do repositorio (git log + GitHub API)'.,strong,0.9,fact
EV-de3224b8bf,strategic_analysis,r1,"O diferencial declarado e arquitetural: plano estavel com rota recalculada, nao uma feature isolada.",SA-07B,product_engine,ECO-01,DOC-C05-001,"DOC-C05-001: 'Tempo disponivel, dependencias, WIP e ciclo definem elegibilidade; Flow Score e Context Score ordenam as alternativas; Progress Points registram somente o trabalho efetivamente concluido'; 'PLAN != ROUTE / ROUTE subconjunto de PLAN'; mensagem: 'O plano continua. A rota se adapta. Voce executa.'",strong,0.9,fact
EV-300a33965c,strategic_analysis,r1,Existe uma capacidade rara no acervo: governanca epistemologica que separa candidato de verificado.,SA-07B,epistemic_governance,ECO-01,DOC-C07-009,"DOC-C07-009, invariantes: 'original != extracao != evidencia != decisao - candidate != verified - benchmark != dado do EXECUTAR - modelo economico != unit economics observado - literatura externa != eficacia do EXECUTAR - similaridade != suporte factual'.",strong,0.9,fact
EV-60a3240930,strategic_analysis,r1,Existe uma capacidade rara no acervo: governanca epistemologica que separa candidato de verificado.,SA-07B,epistemic_governance,ECO-01,DOC-C07-007,"DOC-C07-009, invariantes: 'original != extracao != evidencia != decisao - candidate != verified - benchmark != dado do EXECUTAR - modelo economico != unit economics observado - literatura externa != eficacia do EXECUTAR - similaridade != suporte factual'.",strong,0.9,fact
EV-e3e3b74404,strategic_analysis,r1,O framework CERM tem cinco componentes provisorios e uma arquitetura de sete elos.,SA-07B,framework_components,ECO-03,DOC-C02-016,"DOC-C02-016: arquitetura 'Perfil executivo -> demanda cognitiva -> risco de execucao -> impacto/probabilidade -> controle compensatorio -> monitoramento -> evidencia/feedback'; componentes: Cognitive Risk Profile, Cognitive Demand Map, Cognitive Risk Register, Compensating Controls, Execution Evidence.",strong,0.9,fact
EV-720717128e,strategic_analysis,r1,O framework CERM tem cinco componentes provisorios e uma arquitetura de sete elos.,SA-07B,framework_components,ECO-03,DOC-C02-031,"DOC-C02-016: arquitetura 'Perfil executivo -> demanda cognitiva -> risco de execucao -> impacto/probabilidade -> controle compensatorio -> monitoramento -> evidencia/feedback'; componentes: Cognitive Risk Profile, Cognitive Demand Map, Cognitive Risk Register, Compensating Controls, Execution Evidence.",strong,0.9,fact
EV-7b1eaab9ad,strategic_analysis,r1,"O framework editorial de sete etapas e declarado como adaptacao da logica da ISO 31000, nao como norma.",SA-07B,method_capability,ECO-03,DOC-C01-005,"DOC-C01-005: 'Contexto -> Identificar -> Analisar -> Avaliar -> Tratar -> Controlar -> Monitorar'; ressalva: 'seria um framework seu inspirado na ISO 31000, nao um protocolo clinico ou uma metodologia oficialmente reconhecida pela ISO'.",strong,0.9,fact
EV-45330ecda4,strategic_analysis,r1,"O framework editorial de sete etapas e declarado como adaptacao da logica da ISO 31000, nao como norma.",SA-07B,method_capability,ECO-03,DOC-C03-002,"DOC-C01-005: 'Contexto -> Identificar -> Analisar -> Avaliar -> Tratar -> Controlar -> Monitorar'; ressalva: 'seria um framework seu inspirado na ISO 31000, nao um protocolo clinico ou uma metodologia oficialmente reconhecida pela ISO'.",strong,0.9,fact
EV-d0ad9b5e2a,strategic_analysis,r1,"A capacidade do Estudio e uma pessoa, e isso e apresentado como diferencial e nao como limite.",SA-07B,capacity_constraint,ECO-07,DOC-C05-001,"DOC-C05-001: 'Limite de um cliente por semana, apresentado como diferencial do servico'; nenhum documento lido preve equipe, subcontratacao ou padronizacao de entrega.",strong,0.85,fact
EV-90685292ab,strategic_analysis,r1,"A capacidade do Estudio e uma pessoa, e isso e apresentado como diferencial e nao como limite.",SA-07B,capacity_constraint,ECO-07,DOC-C09-006,"DOC-C05-001: 'Limite de um cliente por semana, apresentado como diferencial do servico'; nenhum documento lido preve equipe, subcontratacao ou padronizacao de entrega.",strong,0.85,fact
EV-2a687a7d33,strategic_analysis,r1,O plano de entregaveis mostra 33 de 43 itens ainda ATIVOS as vesperas do lancamento.,SA-07B,execution_capacity,ECO-01,DOC-C02-004,"DOC-C02-004: 43 linhas, status 'ATIVO' 33 e 'CONCLUIDO' 10, distribuidas em 10 areas (APP 6, Editorial 6, GTM 5, Produtos Fisicos 5, Infoprodutos 5, Showroom 5, Dados 4, Studio 4, Freeze/Launch 2, Governanca 1).",strong,0.85,fact
EV-133388ba59,strategic_analysis,r1,O cliente e definido por comportamento observavel e por um evento de valor unico.,SA-08A,customer,ECO-01,DOC-C07-009,"ICP-01 (comportamento, sem diagnostico) combinado a VALUE_EVENT-01 e aos endpoints funcionais time_to_next_action, resume_latency, completion_rate, context_reconstruction, execution_cycles_per_week e abandonment_rate.",strong,0.85,fact
EV-efff68c9b2,strategic_analysis,r1,"A companhia e um operador unico que sustenta simultaneamente app, blog, framework, servicos, infoprodutos, produtos fisicos e afiliados.",SA-08B,company,ECO-01,DOC-C05-001,DOC-C05-001 e DOC-C06-001 descrevem sete frentes com capacidade declarada de 6h/dia e 60h comprometidas em 12 dias; DOC-C02-004 confirma 10 areas de entregavel simultaneas.,strong,0.85,inference
EV-ac7a297f76,strategic_analysis,r1,"A companhia e um operador unico que sustenta simultaneamente app, blog, framework, servicos, infoprodutos, produtos fisicos e afiliados.",SA-08B,company,ECO-01,DOC-C06-001,DOC-C05-001 e DOC-C06-001 descrevem sete frentes com capacidade declarada de 6h/dia e 60h comprometidas em 12 dias; DOC-C02-004 confirma 10 areas de entregavel simultaneas.,strong,0.85,inference
EV-8fdf4e01d3,strategic_analysis,r1,"A companhia e um operador unico que sustenta simultaneamente app, blog, framework, servicos, infoprodutos, produtos fisicos e afiliados.",SA-08B,company,ECO-01,DOC-C02-004,DOC-C05-001 e DOC-C06-001 descrevem sete frentes com capacidade declarada de 6h/dia e 60h comprometidas em 12 dias; DOC-C02-004 confirma 10 areas de entregavel simultaneas.,strong,0.85,inference
EV-7cf257a1f6,strategic_analysis,r1,"O concorrente relevante do blog nao e outro blog de TDAH, e sim a categoria de conteudo de produtividade e a de conteudo clinico.",SA-08C,competitor,ECO-02,DOC-C01-005,"DOC-C01-005: 'Eu nao posicionaria Risco Cognitivo como mais um blog sobre TDAH'; QL-0017 divide o setor em midia/autoridade medica, infoprodutores, e-commerce de nicho e instituicoes/clinicas.",moderate,0.75,inference
EV-d013e39b94,strategic_analysis,r1,"O concorrente relevante do blog nao e outro blog de TDAH, e sim a categoria de conteudo de produtividade e a de conteudo clinico.",SA-08C,competitor,ECO-02,DOC-C07-007,"DOC-C01-005: 'Eu nao posicionaria Risco Cognitivo como mais um blog sobre TDAH'; QL-0017 divide o setor em midia/autoridade medica, infoprodutores, e-commerce de nicho e instituicoes/clinicas.",moderate,0.75,inference
EV-a86662934e,strategic_analysis,r1,Forca: produto real em producao com governanca de evidencia e 22 decisoes operacionais documentadas.,SA-09A,strength,ECO-01,DOC-C04-002,"DOC-C04-002 comprova repositorio, CI e testes; DOC-C07-009 registra '22 decisoes operacionais: 15 produto/seguranca + 7 negocio/pesquisa'.",strong,0.85,fact
EV-299e42a19a,strategic_analysis,r1,Forca: produto real em producao com governanca de evidencia e 22 decisoes operacionais documentadas.,SA-09A,strength,ECO-01,DOC-C07-009,"DOC-C04-002 comprova repositorio, CI e testes; DOC-C07-009 registra '22 decisoes operacionais: 15 produto/seguranca + 7 negocio/pesquisa'.",strong,0.85,fact
EV-0208d2524f,strategic_analysis,r1,Fraqueza: zero registros no gate estrito de verificacao e nenhum cliente pagante.,SA-09B,weakness,ECO-01,DOC-C07-009,DOC-C07-009: 'Strict VERIFIED 0 - gate factual permanece preservado'; '161 evidence candidates'; 'governed_verified_links: 0'; gaps de CAC/LTV/PMF com 'remaining: Campanhas e clientes pagantes' e 'Cohort real'.,strong,0.9,fact
EV-37a2ed6d65,strategic_analysis,r1,Oportunidade: converter a matriz GP-01..GP-11 em white paper citavel antes que o campo se popule.,SA-09C,opportunity,ECO-03,DOC-C02-015,DOC-C02-015 preve 'White paper v1 de 15-30 paginas' e 'DOI somente apos estabilizacao'; DOC-C02-042 registra que a APM ja publicou formulacao proxima em 26/08/2026.,moderate,0.75,inference
EV-d75bc10167,strategic_analysis,r1,Oportunidade: converter a matriz GP-01..GP-11 em white paper citavel antes que o campo se popule.,SA-09C,opportunity,ECO-03,DOC-C02-042,DOC-C02-015 preve 'White paper v1 de 15-30 paginas' e 'DOI somente apos estabilizacao'; DOC-C02-042 registra que a APM ja publicou formulacao proxima em 26/08/2026.,moderate,0.75,inference
EV-89c4702cf4,strategic_analysis,r1,Oportunidade: converter a matriz GP-01..GP-11 em white paper citavel antes que o campo se popule.,SA-09C,opportunity,ECO-03,DOC-C07-003,DOC-C02-015 preve 'White paper v1 de 15-30 paginas' e 'DOI somente apos estabilizacao'; DOC-C02-042 registra que a APM ja publicou formulacao proxima em 26/08/2026.,moderate,0.75,inference
EV-af298ecde1,strategic_analysis,r1,Ameaca: saturacao e desinformacao no tema podem derrubar a confianca do publico.,SA-09D,threat,ECO-02,DOC-C07-007,QL-0015: 'Conteudo superficial e desinformacao sao tratados como riscos de saturacao e perda de confianca'; QL-0013 descreve 'transicao de conscientizacao acelerada para maturacao e monetizacao do mercado'.,moderate,0.7,fact
EV-65d289dfc3,strategic_analysis,r1,Ameaca: uma unica peca de copy com claim clinico pode acionar risco regulatorio e reputacional simultaneo.,SA-09D,threat,ECO-01,DOC-C07-009,"CLAIM-01 exige 'Revisao juridica/regulatoria da copy final e auditoria de implementacao'; a lista de proibidos inclui 'Cientificamente comprovado para TDAH', e o funil de lancamento parte de conteudo sobre TDAH.",strong,0.85,inference
EV-5b6360a71b,strategic_analysis,r1,Ameaca: uma unica peca de copy com claim clinico pode acionar risco regulatorio e reputacional simultaneo.,SA-09D,threat,ECO-01,DOC-C10-011,"CLAIM-01 exige 'Revisao juridica/regulatoria da copy final e auditoria de implementacao'; a lista de proibidos inclui 'Cientificamente comprovado para TDAH', e o funil de lancamento parte de conteudo sobre TDAH.",strong,0.85,inference
EV-37730bf8f6,strategic_analysis,r1,Ameaca: uma unica peca de copy com claim clinico pode acionar risco regulatorio e reputacional simultaneo.,SA-09D,threat,ECO-01,DOC-C10-019,"CLAIM-01 exige 'Revisao juridica/regulatoria da copy final e auditoria de implementacao'; a lista de proibidos inclui 'Cientificamente comprovado para TDAH', e o funil de lancamento parte de conteudo sobre TDAH.",strong,0.85,inference
EV-b71017d8a6,strategic_analysis,r1,Fraqueza: a oferta de servico esta incompleta em quatro elementos criticos as vesperas do lancamento.,SA-09B,weakness,ECO-07,DOC-C09-006,DOC-C09-006 lista como pendentes: 'pagina institucional de servicos; pagina Estudio; formulario visual inicial; tres familias de servico; condicao de preco inicial; demonstracoes de casos proprios; chamada CH-006 funcionando'.,strong,0.9,fact
EV-302dc04f3d,strategic_analysis,r1,Fraqueza: a oferta de servico esta incompleta em quatro elementos criticos as vesperas do lancamento.,SA-09B,weakness,ECO-07,DOC-C12-006,DOC-C09-006 lista como pendentes: 'pagina institucional de servicos; pagina Estudio; formulario visual inicial; tres familias de servico; condicao de preco inicial; demonstracoes de casos proprios; chamada CH-006 funcionando'.,strong,0.9,fact
EV-f662165e11,strategic_analysis,r1,Fraqueza: a oferta de servico esta incompleta em quatro elementos criticos as vesperas do lancamento.,SA-09B,weakness,ECO-07,DOC-C12-007,DOC-C09-006 lista como pendentes: 'pagina institucional de servicos; pagina Estudio; formulario visual inicial; tres familias de servico; condicao de preco inicial; demonstracoes de casos proprios; chamada CH-006 funcionando'.,strong,0.9,fact
EV-2ca564a394,strategic_analysis,r1,"Oportunidade: o proprio EXECUTAR e o showroom do servico, eliminando o custo de portfolio inicial.",SA-09C,opportunity,ECO-07,DOC-C05-001,"DOC-C05-001: 'O app Executar, o Agente 007, skills e plugins funcionam como provas visuais e como principal showroom das capacidades oferecidas'.",strong,0.85,fact
EV-b504e2abae,strategic_analysis,r1,"Oportunidade: o proprio EXECUTAR e o showroom do servico, eliminando o custo de portfolio inicial.",SA-09C,opportunity,ECO-07,DOC-C11-010,"DOC-C05-001: 'O app Executar, o Agente 007, skills e plugins funcionam como provas visuais e como principal showroom das capacidades oferecidas'.",strong,0.85,fact
EV-114ef84ac8,strategic_analysis,r1,"Nao ha base para pontuar atratividade de mercado do app: nenhum dos insumos de tamanho, crescimento ou rentabilidade esta verificado.",SA-10A,market_attractiveness,ECO-01,DOC-C07-007,"TAM/SAM/SOM sem metodologia (QT-0131/132/133), CAGR sem fonte resolvida (QT-0138/139), LTV e CAC apenas modelados, e 'Strict VERIFIED 0'.",none,0.85,gap
EV-e2d63c3f20,strategic_analysis,r1,"Nao ha base para pontuar atratividade de mercado do app: nenhum dos insumos de tamanho, crescimento ou rentabilidade esta verificado.",SA-10A,market_attractiveness,ECO-01,DOC-C07-009,"TAM/SAM/SOM sem metodologia (QT-0131/132/133), CAGR sem fonte resolvida (QT-0138/139), LTV e CAC apenas modelados, e 'Strict VERIFIED 0'.",none,0.85,gap
EV-da200e8c27,strategic_analysis,r1,"A atratividade do territorio de framework e sustentada por evidencia de problema, nao por evidencia de mercado.",SA-10A,market_attractiveness,ECO-03,DOC-C01-005,DOC-C01-005: 'A evidencia disponivel sustenta claramente a existencia do problema social. O que ainda precisara ser demonstrado... e se organizar essas dificuldades atraves de um framework explicito... constitui uma abordagem util e empiricamente defensavel.',strong,0.85,fact
EV-10f3be20cf,strategic_analysis,r1,"A atratividade do territorio de framework e sustentada por evidencia de problema, nao por evidencia de mercado.",SA-10A,market_attractiveness,ECO-03,DOC-C02-031,DOC-C01-005: 'A evidencia disponivel sustenta claramente a existencia do problema social. O que ainda precisara ser demonstrado... e se organizar essas dificuldades atraves de um framework explicito... constitui uma abordagem util e empiricamente defensavel.',strong,0.85,fact
EV-5858ae5fb6,strategic_analysis,r1,"A capacidade de vencer se apoia em ativos verificaveis: produto operante, base de evidencia governada e matriz de decisao de design.",SA-10B,ability_to_win,ECO-01,DOC-C04-002,"DOC-C04-002 (CI verde, 398 testes), DOC-C07-009 (22 decisoes, invariantes epistemicos), DOC-C07-003 (11 linhas GP com compensacao sistemica e decisao de produto).",strong,0.8,inference
EV-12abb51284,strategic_analysis,r1,"A capacidade de vencer se apoia em ativos verificaveis: produto operante, base de evidencia governada e matriz de decisao de design.",SA-10B,ability_to_win,ECO-01,DOC-C07-009,"DOC-C04-002 (CI verde, 398 testes), DOC-C07-009 (22 decisoes, invariantes epistemicos), DOC-C07-003 (11 linhas GP com compensacao sistemica e decisao de produto).",strong,0.8,inference
EV-e50299cb37,strategic_analysis,r1,"A capacidade de vencer se apoia em ativos verificaveis: produto operante, base de evidencia governada e matriz de decisao de design.",SA-10B,ability_to_win,ECO-01,DOC-C07-003,"DOC-C04-002 (CI verde, 398 testes), DOC-C07-009 (22 decisoes, invariantes epistemicos), DOC-C07-003 (11 linhas GP com compensacao sistemica e decisao de produto).",strong,0.8,inference
EV-d70e1bd11c,strategic_analysis,r1,"A capacidade de vencer no servico e limitada por capacidade humana, nao por demanda ou diferenciacao.",SA-10B,ability_to_win,ECO-07,DOC-C05-001,"Um cliente por semana (DOC-C05-001), tres familias de servico ainda nao especificadas (DOC-C09-006) e nenhuma padronizacao de entrega documentada.",moderate,0.75,inference
EV-cb8ef196c8,strategic_analysis,r1,"A capacidade de vencer no servico e limitada por capacidade humana, nao por demanda ou diferenciacao.",SA-10B,ability_to_win,ECO-07,DOC-C09-006,"Um cliente por semana (DOC-C05-001), tres familias de servico ainda nao especificadas (DOC-C09-006) e nenhuma padronizacao de entrega documentada.",moderate,0.75,inference
EV-14ec04afe1,strategic_analysis,r1,A capacidade de vencer no editorial depende de um ativo que ainda nao existe: o site publicado.,SA-10B,ability_to_win,ECO-02,DOC-C02-039,DOC-C02-039 registra status 'fundacao editorial definida; validacao e publicacao pendentes' e AGORA = 'Confirmar dominio e reservar @riscocognitivo'; DOC-C02-043 lista 11 proximos passos comecando por dominio e repositorio.,strong,0.9,fact
EV-2f8b652981,strategic_analysis,r1,A capacidade de vencer no editorial depende de um ativo que ainda nao existe: o site publicado.,SA-10B,ability_to_win,ECO-02,DOC-C02-043,DOC-C02-039 registra status 'fundacao editorial definida; validacao e publicacao pendentes' e AGORA = 'Confirmar dominio e reservar @riscocognitivo'; DOC-C02-043 lista 11 proximos passos comecando por dominio e repositorio.,strong,0.9,fact
EV-fef42c5f96,strategic_analysis,r1,"A escolha declarada e ocupar um territorio editorial proprio, e nao a categoria blog de TDAH.",SA-11A,where_to_play,ECO-02,DOC-C02-043,"DOC-C02-043: 'Risco Cognitivo deixa de ser apenas um blog sobre TDAH e passa a ser um territorio editorial sobre funcoes executivas, neurodivergencia, trabalho, projetos, risco e execucao'; DOC-C01-005 reforca 'TDAH pode ser seu primeiro laboratorio'.",strong,0.9,fact
EV-227def7ce5,strategic_analysis,r1,"A escolha declarada e ocupar um territorio editorial proprio, e nao a categoria blog de TDAH.",SA-11A,where_to_play,ECO-02,DOC-C01-005,"DOC-C02-043: 'Risco Cognitivo deixa de ser apenas um blog sobre TDAH e passa a ser um territorio editorial sobre funcoes executivas, neurodivergencia, trabalho, projetos, risco e execucao'; DOC-C01-005 reforca 'TDAH pode ser seu primeiro laboratorio'.",strong,0.9,fact
EV-98c1a61ace,strategic_analysis,r1,"Ha duas arquiteturas editoriais concorrentes no acervo, com categorias diferentes.",SA-11A,where_to_play_conflict,ECO-02,DOC-C02-043,"Versao A (DOC-C02-043/DOC-C01-005): territorio 'Risco Cognitivo', mais amplo que TDAH. Versao B (DOC-C10-003): 'Arquitetura editorial unica - Categoria: TDAH adulto aplicado ao trabalho, a gestao e a execucao', com tres pilares e 4E.",strong,0.85,conflict
EV-5878d10342,strategic_analysis,r1,"Ha duas arquiteturas editoriais concorrentes no acervo, com categorias diferentes.",SA-11A,where_to_play_conflict,ECO-02,DOC-C01-005,"Versao A (DOC-C02-043/DOC-C01-005): territorio 'Risco Cognitivo', mais amplo que TDAH. Versao B (DOC-C10-003): 'Arquitetura editorial unica - Categoria: TDAH adulto aplicado ao trabalho, a gestao e a execucao', com tres pilares e 4E.",strong,0.85,conflict
EV-1b1bf631f2,strategic_analysis,r1,"Ha duas arquiteturas editoriais concorrentes no acervo, com categorias diferentes.",SA-11A,where_to_play_conflict,ECO-02,DOC-C10-003,"Versao A (DOC-C02-043/DOC-C01-005): territorio 'Risco Cognitivo', mais amplo que TDAH. Versao B (DOC-C10-003): 'Arquitetura editorial unica - Categoria: TDAH adulto aplicado ao trabalho, a gestao e a execucao', com tres pilares e 4E.",strong,0.85,conflict
EV-d0fa7a0807,strategic_analysis,r1,"Ha duas arquiteturas editoriais concorrentes no acervo, com categorias diferentes.",SA-11A,where_to_play_conflict,ECO-02,DOC-C05-001,"Versao A (DOC-C02-043/DOC-C01-005): territorio 'Risco Cognitivo', mais amplo que TDAH. Versao B (DOC-C10-003): 'Arquitetura editorial unica - Categoria: TDAH adulto aplicado ao trabalho, a gestao e a execucao', com tres pilares e 4E.",strong,0.85,conflict
EV-4fa1cb7237,strategic_analysis,r1,"A escolha de terreno do produto e execucao multiprojeto, explicitamente fora do terreno clinico.",SA-11A,where_to_play,ECO-01,DOC-C07-009,"POSITION-01: 'Posicionar o EXECUTAR como sistema de execucao para rotinas multiprojeto, nao como tratamento de TDAH'; nota: 'Neurocompativel por design pode ser explorado como linguagem de design, mas nao como claim clinico'.",strong,0.9,fact
EV-2381b25f07,strategic_analysis,r1,"O terreno do framework e a integracao especifica, nao o termo generico.",SA-11A,where_to_play,ECO-03,DOC-C02-016,"RC-030: 'Nao reivindicar criacao do termo - a contribuicao defensavel e a sintese/aplicacao especifica'; DOC-C02-016 (GUARDRAIL): 'a contribuicao defensavel e a integracao especifica com funcoes executivas, neurodivergencia e execucao de projetos'.",strong,0.9,fact
EV-d2059102c2,strategic_analysis,r1,"O terreno do framework e a integracao especifica, nao o termo generico.",SA-11A,where_to_play,ECO-03,DOC-C02-042,"RC-030: 'Nao reivindicar criacao do termo - a contribuicao defensavel e a sintese/aplicacao especifica'; DOC-C02-016 (GUARDRAIL): 'a contribuicao defensavel e a integracao especifica com funcoes executivas, neurodivergencia e execucao de projetos'.",strong,0.9,fact
EV-97325e52ae,strategic_analysis,r1,"O terreno do framework e a integracao especifica, nao o termo generico.",SA-11A,where_to_play,ECO-03,DOC-C02-030,"RC-030: 'Nao reivindicar criacao do termo - a contribuicao defensavel e a sintese/aplicacao especifica'; DOC-C02-016 (GUARDRAIL): 'a contribuicao defensavel e a integracao especifica com funcoes executivas, neurodivergencia e execucao de projetos'.",strong,0.9,fact
EV-8ab799a010,strategic_analysis,r1,O terreno do servico e desenvolvimento de solucoes neuroadaptadas demonstradas por casos proprios.,SA-11A,where_to_play,ECO-07,DOC-C05-001,"DOC-C05-001: 'Desenvolvimento de solucoes neuroadaptadas: automacoes, workflows, apps, rotinas, MCPs e agentes, sempre demonstrados por casos proprios como o Executar'.",strong,0.85,fact
EV-bf679e82c3,strategic_analysis,r1,O terreno do servico e desenvolvimento de solucoes neuroadaptadas demonstradas por casos proprios.,SA-11A,where_to_play,ECO-07,DOC-C09-006,"DOC-C05-001: 'Desenvolvimento de solucoes neuroadaptadas: automacoes, workflows, apps, rotinas, MCPs e agentes, sempre demonstrados por casos proprios como o Executar'.",strong,0.85,fact
EV-748741d195,strategic_analysis,r1,A logica de vitoria editorial e sequencial: instalar a categoria antes de apresentar o produto.,SA-11B,how_to_win,ECO-02,DOC-C02-042,"DOC-C02-042: 'construir primeiro a categoria intelectual Risco Cognitivo, depois validar o framework e somente entao apresentar o EXECUTAR como implementacao'; DOC-C02-043: 'O artigo nao termina vendendo EXECUTAR'.",strong,0.9,fact
EV-15e9b8731f,strategic_analysis,r1,A logica de vitoria editorial e sequencial: instalar a categoria antes de apresentar o produto.,SA-11B,how_to_win,ECO-02,DOC-C02-043,"DOC-C02-042: 'construir primeiro a categoria intelectual Risco Cognitivo, depois validar o framework e somente entao apresentar o EXECUTAR como implementacao'; DOC-C02-043: 'O artigo nao termina vendendo EXECUTAR'.",strong,0.9,fact
EV-9fff03638b,strategic_analysis,r1,A logica de vitoria editorial e sequencial: instalar a categoria antes de apresentar o produto.,SA-11B,how_to_win,ECO-02,DOC-C02-014,"DOC-C02-042: 'construir primeiro a categoria intelectual Risco Cognitivo, depois validar o framework e somente entao apresentar o EXECUTAR como implementacao'; DOC-C02-043: 'O artigo nao termina vendendo EXECUTAR'.",strong,0.9,fact
EV-2bbc86af26,strategic_analysis,r1,Ha conflito direto entre a sequencia editorial (produto por ultimo) e o GTM de 07/09 (produto e ofertas no dia um).,SA-11B,how_to_win_conflict,ECO-01,DOC-C02-042,"DOC-C02-042/043: 'CTA inicial: ler, explorar, assinar e baixar... o EXECUTAR fica para uma campanha posterior'. DOC-C06-001/DOC-C08-011: lancamento em 07/09 com CTA-001 App, CTA-004 E-book, CTA-005 Curso, CTA-006 Studio, CTA-009 Office Kit e commerce em Hotmart configurado em D3.",strong,0.9,conflict
EV-2572957474,strategic_analysis,r1,Ha conflito direto entre a sequencia editorial (produto por ultimo) e o GTM de 07/09 (produto e ofertas no dia um).,SA-11B,how_to_win_conflict,ECO-01,DOC-C02-043,"DOC-C02-042/043: 'CTA inicial: ler, explorar, assinar e baixar... o EXECUTAR fica para uma campanha posterior'. DOC-C06-001/DOC-C08-011: lancamento em 07/09 com CTA-001 App, CTA-004 E-book, CTA-005 Curso, CTA-006 Studio, CTA-009 Office Kit e commerce em Hotmart configurado em D3.",strong,0.9,conflict
EV-2073856973,strategic_analysis,r1,Ha conflito direto entre a sequencia editorial (produto por ultimo) e o GTM de 07/09 (produto e ofertas no dia um).,SA-11B,how_to_win_conflict,ECO-01,DOC-C06-001,"DOC-C02-042/043: 'CTA inicial: ler, explorar, assinar e baixar... o EXECUTAR fica para uma campanha posterior'. DOC-C06-001/DOC-C08-011: lancamento em 07/09 com CTA-001 App, CTA-004 E-book, CTA-005 Curso, CTA-006 Studio, CTA-009 Office Kit e commerce em Hotmart configurado em D3.",strong,0.9,conflict
EV-d2c5e2cdb1,strategic_analysis,r1,Ha conflito direto entre a sequencia editorial (produto por ultimo) e o GTM de 07/09 (produto e ofertas no dia um).,SA-11B,how_to_win_conflict,ECO-01,DOC-C08-011,"DOC-C02-042/043: 'CTA inicial: ler, explorar, assinar e baixar... o EXECUTAR fica para uma campanha posterior'. DOC-C06-001/DOC-C08-011: lancamento em 07/09 com CTA-001 App, CTA-004 E-book, CTA-005 Curso, CTA-006 Studio, CTA-009 Office Kit e commerce em Hotmart configurado em D3.",strong,0.9,conflict
EV-7915b60b07,strategic_analysis,r1,"A promessa competitiva do produto e reduzir o trabalho de operar a ferramenta, nao adicionar recursos.",SA-11B,how_to_win,ECO-01,DOC-C09-004,"DOC-C09-004: 'O aplicativo de produtividade feito para voce usar menos. O sistema sustenta a estrutura; o usuario executa'; DOC-C05-001 item 04: 'Zero configuracao, minima personalizacao, externalizacao cognitiva e reducao do tempo gasto administrando a ferramenta'.",strong,0.9,fact
EV-80b79b44e8,strategic_analysis,r1,"A promessa competitiva do produto e reduzir o trabalho de operar a ferramenta, nao adicionar recursos.",SA-11B,how_to_win,ECO-01,DOC-C05-001,"DOC-C09-004: 'O aplicativo de produtividade feito para voce usar menos. O sistema sustenta a estrutura; o usuario executa'; DOC-C05-001 item 04: 'Zero configuracao, minima personalizacao, externalizacao cognitiva e reducao do tempo gasto administrando a ferramenta'.",strong,0.9,fact
EV-c26f6d2b2a,strategic_analysis,r1,"A logica de vitoria do framework e validacao em estagios, com cada etapa condicionada a anterior.",SA-11B,how_to_win,ECO-03,DOC-C02-042,"DOC-C02-042: 'Risco Cognitivo = territorio/publicacao -> CERM = framework investigavel -> Mapa/Register = ferramenta aplicada -> EXECUTAR = implementacao -> dados/casos = evidencia -> white paper/livro/curso = expansao, mantendo cada estagio condicionado a validacao do anterior'.",strong,0.9,fact
EV-f18f0eaaa0,strategic_analysis,r1,"A logica de vitoria do framework e validacao em estagios, com cada etapa condicionada a anterior.",SA-11B,how_to_win,ECO-03,DOC-C02-031,"DOC-C02-042: 'Risco Cognitivo = territorio/publicacao -> CERM = framework investigavel -> Mapa/Register = ferramenta aplicada -> EXECUTAR = implementacao -> dados/casos = evidencia -> white paper/livro/curso = expansao, mantendo cada estagio condicionado a validacao do anterior'.",strong,0.9,fact
EV-fe1951bcbe,strategic_analysis,r1,"A logica de vitoria do framework e validacao em estagios, com cada etapa condicionada a anterior.",SA-11B,how_to_win,ECO-03,DOC-C02-015,"DOC-C02-042: 'Risco Cognitivo = territorio/publicacao -> CERM = framework investigavel -> Mapa/Register = ferramenta aplicada -> EXECUTAR = implementacao -> dados/casos = evidencia -> white paper/livro/curso = expansao, mantendo cada estagio condicionado a validacao do anterior'.",strong,0.9,fact
EV-57984358a4,strategic_analysis,r1,"A logica de vitoria do servico e transformacao visivel: o cliente decide por evidencia, nao por termo tecnico.",SA-11B,how_to_win,ECO-07,DOC-C11-010,"DOC-C11-010: 'Cliente entra, ve o problema compreendido e testa um prototipo... escolhe: aprovar, mudar ou perguntar... O cliente acompanha a construcao pela transformacao visivel, nao por termos tecnicos'.",strong,0.85,fact
EV-7e6de412ca,strategic_analysis,r1,"A logica de vitoria do servico e transformacao visivel: o cliente decide por evidencia, nao por termo tecnico.",SA-11B,how_to_win,ECO-07,DOC-C09-006,"DOC-C11-010: 'Cliente entra, ve o problema compreendido e testa um prototipo... escolhe: aprovar, mudar ou perguntar... O cliente acompanha a construcao pela transformacao visivel, nao por termos tecnicos'.",strong,0.85,fact
EV-21481da505,strategic_analysis,r1,Existem 15 decisoes de produto e seguranca derivadas de perguntas do framework de 694 itens.,SA-12,requirements,ECO-01,DOC-C07-009,"DOC-C07-009, all_decisions PROD-01 a PROD-15, cada uma com framework_question_id (FRM-0102 a FRM-0585), dominio e status 'DECISION_DERIVED_FROM_CANDIDATE_EVIDENCE'.",strong,0.9,fact
EV-b6eb84e04b,strategic_analysis,r1,Requisito nuclear: a interface deve expor uma unica proxima acao principal e esconder complexidade secundaria.,SA-12,requirement,ECO-01,DOC-C07-009,"PROD-09 (FRM-0461): 'A interface deve tornar explicita uma unica proxima acao principal e esconder complexidade secundaria ate ser necessaria', confianca MEDIA-ALTA; PROD-12: 'Nos primeiros segundos, mostrar estado atual, resultado necessario e proxima acao - nao o projeto inteiro'.",strong,0.85,fact
EV-6e53134824,strategic_analysis,r1,Requisito nuclear: a interface deve expor uma unica proxima acao principal e esconder complexidade secundaria.,SA-12,requirement,ECO-01,DOC-C07-003,"PROD-09 (FRM-0461): 'A interface deve tornar explicita uma unica proxima acao principal e esconder complexidade secundaria ate ser necessaria', confianca MEDIA-ALTA; PROD-12: 'Nos primeiros segundos, mostrar estado atual, resultado necessario e proxima acao - nao o projeto inteiro'.",strong,0.85,fact
EV-4813652f8a,strategic_analysis,r1,Requisito de estado: o contexto e a posicao de execucao devem ser persistidos para que a retomada nao dependa de reconstrucao mental.,SA-12,requirement,ECO-01,DOC-C07-009,PROD-13 (FRM-0567): 'Persistir contexto e posicao de execucao para que retomadas nao dependam de reconstrucao mental do projeto'; GP-07 na matriz: 'O sistema deve ser memoria externa do estado operacional'.,strong,0.9,fact
EV-43daa92f20,strategic_analysis,r1,Requisito de estado: o contexto e a posicao de execucao devem ser persistidos para que a retomada nao dependa de reconstrucao mental.,SA-12,requirement,ECO-01,DOC-C07-003,PROD-13 (FRM-0567): 'Persistir contexto e posicao de execucao para que retomadas nao dependam de reconstrucao mental do projeto'; GP-07 na matriz: 'O sistema deve ser memoria externa do estado operacional'.,strong,0.9,fact
EV-d9023dfe16,strategic_analysis,r1,"Requisito negativo: o produto deve bloquear usos como diagnostico, substituicao profissional ou inferencia clinica.",SA-12,requirement_prohibition,ECO-01,DOC-C07-009,"PROD-14 (FRM-0584): 'Bloquear usos do produto como diagnostico, substituicao profissional ou inferencia clinica a partir de desempenho em tarefas'; PROD-08 proibe 'triagem diagnostica baseada em um unico teste, score ou tarefa do app'.",strong,0.9,fact
EV-a13a114718,strategic_analysis,r1,Requisito de interrupcao: notificar apenas por eventos criticos; informativas devem ser agrupadas ou adiadas.,SA-12,requirement_notifications,ECO-01,DOC-C07-009,"PROD-10 (FRM-0485): 'Interromper o usuario apenas por eventos criticos; notificacoes informativas devem ser agrupadas ou adiadas por padrao', confianca MEDIA-ALTA.",strong,0.8,fact
EV-6192aa803b,strategic_analysis,r1,Requisito de interrupcao: notificar apenas por eventos criticos; informativas devem ser agrupadas ou adiadas.,SA-12,requirement_notifications,ECO-01,DOC-C07-007,"PROD-10 (FRM-0485): 'Interromper o usuario apenas por eventos criticos; notificacoes informativas devem ser agrupadas ou adiadas por padrao', confianca MEDIA-ALTA.",strong,0.8,fact
EV-58e6cfa1f0,strategic_analysis,r1,"Nao existe um MRD consolidado; os requisitos estao dispersos entre decisoes, matriz e visao de oferta.",SA-12,mrd_artifact,ECO-01,DOC-C07-009,"As fontes de requisito sao DOC-C07-009 (22 decisoes), DOC-C07-003 (11 decisoes de design da matriz) e DOC-C05-001 (features e pilares), sem documento unico que os reuna com prioridade e criterio de aceite.",none,0.8,gap
EV-9001b91f63,strategic_analysis,r1,"Nao existe um MRD consolidado; os requisitos estao dispersos entre decisoes, matriz e visao de oferta.",SA-12,mrd_artifact,ECO-01,DOC-C07-003,"As fontes de requisito sao DOC-C07-009 (22 decisoes), DOC-C07-003 (11 decisoes de design da matriz) e DOC-C05-001 (features e pilares), sem documento unico que os reuna com prioridade e criterio de aceite.",none,0.8,gap
EV-92dc7c6e64,strategic_analysis,r1,"Nao existe um MRD consolidado; os requisitos estao dispersos entre decisoes, matriz e visao de oferta.",SA-12,mrd_artifact,ECO-01,DOC-C05-001,"As fontes de requisito sao DOC-C07-009 (22 decisoes), DOC-C07-003 (11 decisoes de design da matriz) e DOC-C05-001 (features e pilares), sem documento unico que os reuna com prioridade e criterio de aceite.",none,0.8,gap
EV-892b3117a0,strategic_analysis,r1,Ha conflito entre a demonstracao planejada com QR e a decisao tecnica que substituiu QR por reconhecimento de forma.,SA-12,product_gap,ECO-01,DOC-C11-008,DOC-C11-008 (Cena B): 'Usar QR/atalho para sair do objeto fisico e abrir o contexto correto'. DOC-C04-002: 'PR #75 substituiu QR impresso pelos 5 simbolos administrativos reconhecidos diretamente por forma na imagem da camera'.,strong,0.85,conflict
EV-fb4986141a,strategic_analysis,r1,Ha conflito entre a demonstracao planejada com QR e a decisao tecnica que substituiu QR por reconhecimento de forma.,SA-12,product_gap,ECO-01,DOC-C04-002,DOC-C11-008 (Cena B): 'Usar QR/atalho para sair do objeto fisico e abrir o contexto correto'. DOC-C04-002: 'PR #75 substituiu QR impresso pelos 5 simbolos administrativos reconhecidos diretamente por forma na imagem da camera'.,strong,0.85,conflict
EV-0010842246,strategic_analysis,r1,"O GTM tem capacidade declarada, folga explicita e data de congelamento.",SA-13,launch_plan,ECO-01,DOC-C06-001,"DOC-C06-001: '12 dias de producao, 10 gates G0-G9, 60h comprometidas, 12h reserva' sobre '72h potenciais'; fases: producao 25/08-05/09, buffer 06/09, lancamento 07/09.",strong,0.9,fact
EV-ceeb3f47e4,strategic_analysis,r1,"O GTM tem capacidade declarada, folga explicita e data de congelamento.",SA-13,launch_plan,ECO-01,DOC-C08-011,"DOC-C06-001: '12 dias de producao, 10 gates G0-G9, 60h comprometidas, 12h reserva' sobre '72h potenciais'; fases: producao 25/08-05/09, buffer 06/09, lancamento 07/09.",strong,0.9,fact
EV-a501212a76,strategic_analysis,r1,"O GTM tem capacidade declarada, folga explicita e data de congelamento.",SA-13,launch_plan,ECO-01,DOC-C18-002,"DOC-C06-001: '12 dias de producao, 10 gates G0-G9, 60h comprometidas, 12h reserva' sobre '72h potenciais'; fases: producao 25/08-05/09, buffer 06/09, lancamento 07/09.",strong,0.9,fact
EV-3f54b23418,strategic_analysis,r1,"A cadeia de valor do lancamento e sequencial em dez gates, do control plane ao launch.",SA-13,launch_gates,ECO-01,DOC-C06-001,"DOC-C06-001: 'G0 Control Plane, G1 Destinos, G2 Commerce, G3 Editorial, G4 Derivados, G5 Showroom, G6 Distribuicao, G7 Tracking, G8 Freeze, G9 Launch'; regra: 'Nao: produzir tudo -> acumular -> tentar publicar tudo em 06/09'.",strong,0.9,fact
EV-407ec820ca,strategic_analysis,r1,"A cadeia de valor do lancamento e sequencial em dez gates, do control plane ao launch.",SA-13,launch_gates,ECO-01,DOC-C08-011,"DOC-C06-001: 'G0 Control Plane, G1 Destinos, G2 Commerce, G3 Editorial, G4 Derivados, G5 Showroom, G6 Distribuicao, G7 Tracking, G8 Freeze, G9 Launch'; regra: 'Nao: produzir tudo -> acumular -> tentar publicar tudo em 06/09'.",strong,0.9,fact
EV-860b31dbd4,strategic_analysis,r1,Existem dez criterios objetivos de congelamento em 05/09.,SA-13,launch_criteria,ECO-01,DOC-C08-007,DOC-C08-007: paginas criticas abrem em celular e computador; chamadas chegam ao destino; formularios recebem; ofertas digitais cadastradas; afiliados identificados; pecas publicadas ou agendadas; demonstracoes acessiveis; redes agendadas; medicao basica funciona; nenhuma entrega critica aguardando producao.,strong,0.9,fact
EV-5784755cf8,strategic_analysis,r1,Existem dez criterios objetivos de congelamento em 05/09.,SA-13,launch_criteria,ECO-01,DOC-C16-003,DOC-C08-007: paginas criticas abrem em celular e computador; chamadas chegam ao destino; formularios recebem; ofertas digitais cadastradas; afiliados identificados; pecas publicadas ou agendadas; demonstracoes acessiveis; redes agendadas; medicao basica funciona; nenhuma entrega critica aguardando producao.,strong,0.9,fact
EV-9c7c43bbdd,strategic_analysis,r1,A estrategia de canais foi simplificada: blog como peca-mae e um canal principal de video com playlists.,SA-13,channels,ECO-02,DOC-C05-001,"DOC-C05-001: 'Blog como peca-mae editorial, YouTube com videos majoritariamente verticais, reaproveitamento em Instagram e TikTok, e LinkedIn com abordagem mais tecnica'; QL-0038: 'A estrategia de cinco canais e substituida por um canal principal com playlists'.",strong,0.85,fact
EV-fceda28eb2,strategic_analysis,r1,A estrategia de canais foi simplificada: blog como peca-mae e um canal principal de video com playlists.,SA-13,channels,ECO-02,DOC-C07-007,"DOC-C05-001: 'Blog como peca-mae editorial, YouTube com videos majoritariamente verticais, reaproveitamento em Instagram e TikTok, e LinkedIn com abordagem mais tecnica'; QL-0038: 'A estrategia de cinco canais e substituida por um canal principal com playlists'.",strong,0.85,fact
EV-f49ba55ea7,strategic_analysis,r1,"A escolha do blog como canal inicial e uma hipotese declarada, nao um resultado medido.",SA-13,channel_hypothesis,ECO-02,DOC-C07-007,"QL-000057: 'A equipe decidiu priorizar um blog visual-first com newsletter como canal inicial, com a hipotese de que blogs gerariam mais leads qualificados do que redes sociais dispersas para este publico'.",moderate,0.75,fact
EV-5d88a12b02,strategic_analysis,r1,"A campanha inaugural do Risco Cognitivo tem escopo fechado: 14 dias, 18 ativos, CTA editorial.",SA-13,campaign,ECO-02,DOC-C02-043,"DOC-C02-043: 'Nome: Antes do Projeto Existe o Risco Cognitivo. Duracao: 14 dias... Pacote: 1 artigo, 1 newsletter, 1 video principal, 3 videos curtos, 2 carrosseis, 6 posts curtos, 1 infografico, 1 checklist, 1 lead magnet e 1 landing page - 18 ativos principais'; cronograma D1-D14 detalhado em DOC-C02-039.",strong,0.9,fact
EV-2fb9bffce3,strategic_analysis,r1,"A campanha inaugural do Risco Cognitivo tem escopo fechado: 14 dias, 18 ativos, CTA editorial.",SA-13,campaign,ECO-02,DOC-C02-039,"DOC-C02-043: 'Nome: Antes do Projeto Existe o Risco Cognitivo. Duracao: 14 dias... Pacote: 1 artigo, 1 newsletter, 1 video principal, 3 videos curtos, 2 carrosseis, 6 posts curtos, 1 infografico, 1 checklist, 1 lead magnet e 1 landing page - 18 ativos principais'; cronograma D1-D14 detalhado em DOC-C02-039.",strong,0.9,fact
EV-9661c13eee,strategic_analysis,r1,"A campanha inaugural do Risco Cognitivo tem escopo fechado: 14 dias, 18 ativos, CTA editorial.",SA-13,campaign,ECO-02,DOC-C02-014,"DOC-C02-043: 'Nome: Antes do Projeto Existe o Risco Cognitivo. Duracao: 14 dias... Pacote: 1 artigo, 1 newsletter, 1 video principal, 3 videos curtos, 2 carrosseis, 6 posts curtos, 1 infografico, 1 checklist, 1 lead magnet e 1 landing page - 18 ativos principais'; cronograma D1-D14 detalhado em DOC-C02-039.",strong,0.9,fact
EV-51a2a417ea,strategic_analysis,r1,Ha conflito sobre a extensao do artigo fundador entre dois documentos do mesmo pacote.,SA-13,content_spec,ECO-02,DOC-C01-004,DOC-C01-004 (Execute): 'Escreva primeiro aproximadamente 2.500-3.500 palavras'. DOC-C02-043 e DOC-C02-042: 'Meta atual: 1.200-1.800 palavras e 14-18 paragrafos; a proposta anterior de cerca de 3.000 palavras foi descartada' e RC-040 registra a revisao.,strong,0.85,conflict
EV-019129319f,strategic_analysis,r1,Ha conflito sobre a extensao do artigo fundador entre dois documentos do mesmo pacote.,SA-13,content_spec,ECO-02,DOC-C02-043,DOC-C01-004 (Execute): 'Escreva primeiro aproximadamente 2.500-3.500 palavras'. DOC-C02-043 e DOC-C02-042: 'Meta atual: 1.200-1.800 palavras e 14-18 paragrafos; a proposta anterior de cerca de 3.000 palavras foi descartada' e RC-040 registra a revisao.,strong,0.85,conflict
EV-04336eeb0f,strategic_analysis,r1,Ha conflito sobre a extensao do artigo fundador entre dois documentos do mesmo pacote.,SA-13,content_spec,ECO-02,DOC-C02-042,DOC-C01-004 (Execute): 'Escreva primeiro aproximadamente 2.500-3.500 palavras'. DOC-C02-043 e DOC-C02-042: 'Meta atual: 1.200-1.800 palavras e 14-18 paragrafos; a proposta anterior de cerca de 3.000 palavras foi descartada' e RC-040 registra a revisao.,strong,0.85,conflict
EV-36ecd5dd68,strategic_analysis,r1,Ha conflito sobre a extensao do artigo fundador entre dois documentos do mesmo pacote.,SA-13,content_spec,ECO-02,DOC-C02-014,DOC-C01-004 (Execute): 'Escreva primeiro aproximadamente 2.500-3.500 palavras'. DOC-C02-043 e DOC-C02-042: 'Meta atual: 1.200-1.800 palavras e 14-18 paragrafos; a proposta anterior de cerca de 3.000 palavras foi descartada' e RC-040 registra a revisao.,strong,0.85,conflict
EV-c8cc18ef55,strategic_analysis,r1,O CTA Registry com dez destinos e requisito previo a producao de qualquer peca.,SA-13,cta_registry,ECO-01,DOC-C06-001,DOC-C06-001: 'CTA Registry - obrigatorio antes de produzir. Assim nenhuma peca termina com adicionar CTA depois'; DOC-C02-004 registra SAS-44/CTAREG-01 com DoD '10 CTAs com destino e oferta definidos e publicados no registry'.,strong,0.9,fact
EV-bf62c50f8f,strategic_analysis,r1,O CTA Registry com dez destinos e requisito previo a producao de qualquer peca.,SA-13,cta_registry,ECO-01,DOC-C02-004,DOC-C06-001: 'CTA Registry - obrigatorio antes de produzir. Assim nenhuma peca termina com adicionar CTA depois'; DOC-C02-004 registra SAS-44/CTAREG-01 com DoD '10 CTAs com destino e oferta definidos e publicados no registry'.,strong,0.9,fact
EV-77d4033b5f,strategic_analysis,r1,O CTA Registry com dez destinos e requisito previo a producao de qualquer peca.,SA-13,cta_registry,ECO-01,DOC-C08-003,DOC-C06-001: 'CTA Registry - obrigatorio antes de produzir. Assim nenhuma peca termina com adicionar CTA depois'; DOC-C02-004 registra SAS-44/CTAREG-01 com DoD '10 CTAs com destino e oferta definidos e publicados no registry'.,strong,0.9,fact
EV-45fe8f3a61,strategic_analysis,r1,"As pecas editoriais estao com chamada, destino e brinde por preencher, e a agenda mestra esta vazia.",SA-13,execution_gap,ECO-02,DOC-C10-008,DOC-C10-008: 'chamada principal: [PREENCHER] - destino: [PREENCHER] - brinde: [PREENCHER ou NAO SE APLICA]'; DOC-C14-007: todas as linhas da agenda mestra com Data 'preencher' e Estado 'planejar'.,strong,0.9,fact
EV-c767121944,strategic_analysis,r1,"As pecas editoriais estao com chamada, destino e brinde por preencher, e a agenda mestra esta vazia.",SA-13,execution_gap,ECO-02,DOC-C14-007,DOC-C10-008: 'chamada principal: [PREENCHER] - destino: [PREENCHER] - brinde: [PREENCHER ou NAO SE APLICA]'; DOC-C14-007: todas as linhas da agenda mestra com Data 'preencher' e Estado 'planejar'.,strong,0.9,fact
EV-3f55710594,strategic_analysis,r1,"As pecas editoriais estao com chamada, destino e brinde por preencher, e a agenda mestra esta vazia.",SA-13,execution_gap,ECO-02,DOC-C10-011,DOC-C10-008: 'chamada principal: [PREENCHER] - destino: [PREENCHER] - brinde: [PREENCHER ou NAO SE APLICA]'; DOC-C14-007: todas as linhas da agenda mestra com Data 'preencher' e Estado 'planejar'.,strong,0.9,fact
EV-8cc4e13706,strategic_analysis,r1,"O brinde canonico ainda e uma decisao pendente, e ele e dependencia de tres pecas editoriais.",SA-13,gift_dependency,ECO-01,DOC-C10-029,"DOC-C10-029: 'Decisao pendente - Definir um unico brinde reutilizavel no lancamento'; DOC-C06-001: 'GIFT-001 e uma cadeia propria: asset -> capa -> landing -> formulario -> confirmacao -> entrega/download -> CTA -> tracking -> evidence. Se o artigo depende do GIFT-001, ele nao esta DONE enquanto essa cadeia nao funcionar'.",strong,0.9,fact
EV-13bd4aee96,strategic_analysis,r1,"O brinde canonico ainda e uma decisao pendente, e ele e dependencia de tres pecas editoriais.",SA-13,gift_dependency,ECO-01,DOC-C06-001,"DOC-C10-029: 'Decisao pendente - Definir um unico brinde reutilizavel no lancamento'; DOC-C06-001: 'GIFT-001 e uma cadeia propria: asset -> capa -> landing -> formulario -> confirmacao -> entrega/download -> CTA -> tracking -> evidence. Se o artigo depende do GIFT-001, ele nao esta DONE enquanto essa cadeia nao funcionar'.",strong,0.9,fact
EV-2f5d0fb2cb,strategic_analysis,r1,"O brinde canonico ainda e uma decisao pendente, e ele e dependencia de tres pecas editoriais.",SA-13,gift_dependency,ECO-01,DOC-C10-011,"DOC-C10-029: 'Decisao pendente - Definir um unico brinde reutilizavel no lancamento'; DOC-C06-001: 'GIFT-001 e uma cadeia propria: asset -> capa -> landing -> formulario -> confirmacao -> entrega/download -> CTA -> tracking -> evidence. Se o artigo depende do GIFT-001, ele nao esta DONE enquanto essa cadeia nao funcionar'.",strong,0.9,fact
EV-c2fa6c5212,strategic_analysis,r1,"O brinde canonico ainda e uma decisao pendente, e ele e dependencia de tres pecas editoriais.",SA-13,gift_dependency,ECO-01,DOC-C10-019,"DOC-C10-029: 'Decisao pendente - Definir um unico brinde reutilizavel no lancamento'; DOC-C06-001: 'GIFT-001 e uma cadeia propria: asset -> capa -> landing -> formulario -> confirmacao -> entrega/download -> CTA -> tracking -> evidence. Se o artigo depende do GIFT-001, ele nao esta DONE enquanto essa cadeia nao funcionar'.",strong,0.9,fact
EV-85b7b120cd,strategic_analysis,r1,"O brinde canonico ainda e uma decisao pendente, e ele e dependencia de tres pecas editoriais.",SA-13,gift_dependency,ECO-01,DOC-C10-027,"DOC-C10-029: 'Decisao pendente - Definir um unico brinde reutilizavel no lancamento'; DOC-C06-001: 'GIFT-001 e uma cadeia propria: asset -> capa -> landing -> formulario -> confirmacao -> entrega/download -> CTA -> tracking -> evidence. Se o artigo depende do GIFT-001, ele nao esta DONE enquanto essa cadeia nao funcionar'.",strong,0.9,fact
EV-750f6947f2,strategic_analysis,r1,"O plano de medicao de lancamento cobre a cadeia de conversao, mas nao define metas.",SA-13,measurement,ECO-01,DOC-C16-003,"DOC-C16-003 verifica 'chamada -> destino; formulario -> recebimento; pagamento/cadastro -> confirmacao; download -> arquivo; afiliado -> ligacao identificada; principais eventos de acesso/conversao', sem numero-alvo em nenhum item.",moderate,0.8,fact
EV-3a7747f3cd,strategic_analysis,r1,"O plano de medicao de lancamento cobre a cadeia de conversao, mas nao define metas.",SA-13,measurement,ECO-01,DOC-C14-007,"DOC-C16-003 verifica 'chamada -> destino; formulario -> recebimento; pagamento/cadastro -> confirmacao; download -> arquivo; afiliado -> ligacao identificada; principais eventos de acesso/conversao', sem numero-alvo em nenhum item.",moderate,0.8,fact
EV-9b4dfbeb03,strategic_analysis,r1,O programa de afiliados exige cadastro e IDs por canal que ainda nao foram executados.,SA-13,attribution,ECO-01,DOC-C05-001,DOC-C05-001: 'Pendencia operacional ja definida: AF-SETUP-001 - Cadastrar Amazon Associados + criar IDs de rastreamento + substituir links-base'; DOC-C08-003 lista 'Conteudo com afiliado' dependendo de 'cadastro de associado + ligacao identificada'.,strong,0.9,fact
EV-2180d1aaa1,strategic_analysis,r1,O programa de afiliados exige cadastro e IDs por canal que ainda nao foram executados.,SA-13,attribution,ECO-01,DOC-C08-003,DOC-C05-001: 'Pendencia operacional ja definida: AF-SETUP-001 - Cadastrar Amazon Associados + criar IDs de rastreamento + substituir links-base'; DOC-C08-003 lista 'Conteudo com afiliado' dependendo de 'cadastro de associado + ligacao identificada'.,strong,0.9,fact
EV-d1a2a1a844,strategic_analysis,r1,O programa de afiliados exige cadastro e IDs por canal que ainda nao foram executados.,SA-13,attribution,ECO-01,DOC-C08-007,DOC-C05-001: 'Pendencia operacional ja definida: AF-SETUP-001 - Cadastrar Amazon Associados + criar IDs de rastreamento + substituir links-base'; DOC-C08-003 lista 'Conteudo com afiliado' dependendo de 'cadastro de associado + ligacao identificada'.,strong,0.9,fact
EV-c28d5ae320,strategic_analysis,r1,O dia do lancamento tem escopo negativo explicito: nada de producao em 07/09.,SA-13,launch_day,ECO-01,DOC-C06-001,"DOC-C06-001: 'E: Ativar, Conferir, Observar, Responder, Registrar. Nao e: Editar landing, Terminar video, Produzir post, Cadastrar produto. Se isso estiver acontecendo em 07/09, o Freeze falhou'; DOC-C15-021 marca horas_planejadas 0.",strong,0.9,fact
EV-babf7a9d21,strategic_analysis,r1,O dia do lancamento tem escopo negativo explicito: nada de producao em 07/09.,SA-13,launch_day,ECO-01,DOC-C15-021,"DOC-C06-001: 'E: Ativar, Conferir, Observar, Responder, Registrar. Nao e: Editar landing, Terminar video, Produzir post, Cadastrar produto. Se isso estiver acontecendo em 07/09, o Freeze falhou'; DOC-C15-021 marca horas_planejadas 0.",strong,0.9,fact
EV-24b7517dc6,strategic_analysis,r1,"Nao ha plano de go-to-market para o framework como produto intelectual, apenas uma escada de maturidade.",SA-13,gtm,ECO-03,DOC-C02-031,"DOC-C02-031 (ordem estrategica) e DOC-C02-015 (pipeline de validacao) definem etapas de pesquisa, mas nenhum documento define publico academico-alvo, veiculo, evento ou cronograma de publicacao do white paper.",none,0.8,gap
EV-b6cc37aa22,strategic_analysis,r1,"Nao ha plano de go-to-market para o framework como produto intelectual, apenas uma escada de maturidade.",SA-13,gtm,ECO-03,DOC-C02-015,"DOC-C02-031 (ordem estrategica) e DOC-C02-015 (pipeline de validacao) definem etapas de pesquisa, mas nenhum documento define publico academico-alvo, veiculo, evento ou cronograma de publicacao do white paper.",none,0.8,gap
EV-76ef63fa93,strategic_analysis,r1,"Nao ha plano de go-to-market para o framework como produto intelectual, apenas uma escada de maturidade.",SA-13,gtm,ECO-03,DOC-C02-016,"DOC-C02-031 (ordem estrategica) e DOC-C02-015 (pipeline de validacao) definem etapas de pesquisa, mas nenhum documento define publico academico-alvo, veiculo, evento ou cronograma de publicacao do white paper.",none,0.8,gap
EV-412bf8176f,strategic_analysis,r1,"O GTM do servico se resume a uma pagina, um formulario e uma chamada CH-006 ainda nao funcional.",SA-13,gtm,ECO-07,DOC-C12-006,DOC-C12-006 e DOC-C12-007 tem situacao 'verificar' e chamada principal CH-006; DOC-C09-006 lista 'chamada CH-006 funcionando' como pendencia; DOC-C12-003 define o formulario mas com situacao 'configurar'.,strong,0.85,fact
EV-92e37274c7,strategic_analysis,r1,"O GTM do servico se resume a uma pagina, um formulario e uma chamada CH-006 ainda nao funcional.",SA-13,gtm,ECO-07,DOC-C12-007,DOC-C12-006 e DOC-C12-007 tem situacao 'verificar' e chamada principal CH-006; DOC-C09-006 lista 'chamada CH-006 funcionando' como pendencia; DOC-C12-003 define o formulario mas com situacao 'configurar'.,strong,0.85,fact
EV-d5bbf13997,strategic_analysis,r1,"O GTM do servico se resume a uma pagina, um formulario e uma chamada CH-006 ainda nao funcional.",SA-13,gtm,ECO-07,DOC-C12-003,DOC-C12-006 e DOC-C12-007 tem situacao 'verificar' e chamada principal CH-006; DOC-C09-006 lista 'chamada CH-006 funcionando' como pendencia; DOC-C12-003 define o formulario mas com situacao 'configurar'.,strong,0.85,fact
EV-bb044b1679,strategic_analysis,r1,"O GTM do servico se resume a uma pagina, um formulario e uma chamada CH-006 ainda nao funcional.",SA-13,gtm,ECO-07,DOC-C09-006,DOC-C12-006 e DOC-C12-007 tem situacao 'verificar' e chamada principal CH-006; DOC-C09-006 lista 'chamada CH-006 funcionando' como pendencia; DOC-C12-003 define o formulario mas com situacao 'configurar'.,strong,0.85,fact
EV-864c677b05,strategic_analysis,r1,"A arquitetura de marca separa a publicacao (ativo) do autor (assinatura), decisao explicita e datada.",SA-08B,company,ECO-02,DOC-C01-006,DOC-C01-006: 'Risco Cognitivo -> e a marca editorial; riscocognitivo.org -> e a publicacao/site; @riscocognitivo -> sao os canais da publicacao'; 'Eu evitaria chamar a pagina de Leonardo Batista | Risco Cognitivo no inicio... Risco Cognitivo deve ser o ativo de marca'.,strong,0.9,fact
EV-c870c66d0d,strategic_analysis,r1,"A arquitetura de marca separa a publicacao (ativo) do autor (assinatura), decisao explicita e datada.",SA-08B,company,ECO-02,DOC-C02-043,DOC-C01-006: 'Risco Cognitivo -> e a marca editorial; riscocognitivo.org -> e a publicacao/site; @riscocognitivo -> sao os canais da publicacao'; 'Eu evitaria chamar a pagina de Leonardo Batista | Risco Cognitivo no inicio... Risco Cognitivo deve ser o ativo de marca'.,strong,0.9,fact
EV-f42f8c7e30,strategic_analysis,r1,"O acervo ja possui benchmark competitivo explicito por ferramenta e por eficacia, ainda que com forca de evidencia desigual.",SA-08C,competitor,ECO-01,DOC-C07-007,"Ferramentas: QT-000172 (Notion 30% dificil de configurar), QL-000053 (Trello sem estrutura nativa), QL-000054 (Todoist limitado para iniciar). Eficacia: QT-000177 (Inflow, estudo aberto), QT-000178/179 (videogame terapeutico aprovado, STARS-ADHD-Adult).",moderate,0.75,fact
EV-3a8c47a98b,strategic_analysis,r1,"O acervo ja possui benchmark competitivo explicito por ferramenta e por eficacia, ainda que com forca de evidencia desigual.",SA-08C,competitor,ECO-01,DOC-C07-009,"Ferramentas: QT-000172 (Notion 30% dificil de configurar), QL-000053 (Trello sem estrutura nativa), QL-000054 (Todoist limitado para iniciar). Eficacia: QT-000177 (Inflow, estudo aberto), QT-000178/179 (videogame terapeutico aprovado, STARS-ADHD-Adult).",moderate,0.75,fact
EV-b5b513261b,strategic_analysis,r1,"O leitor-alvo do editorial e definido pelo reconhecimento do problema, nao pelo interesse em produtividade.",SA-08A,customer,ECO-02,DOC-C01-005,DOC-C01-005 troca a pergunta editorial de 'Como ser mais produtivo sendo neurodivergente?' por 'O que pode dar errado entre aquilo que voce pretende fazer e aquilo que efetivamente consegue realizar - e como reduzir esse risco?'.,strong,0.85,fact
EV-a747d7ec01,strategic_analysis,r1,"O leitor-alvo do editorial e definido pelo reconhecimento do problema, nao pelo interesse em produtividade.",SA-08A,customer,ECO-02,DOC-C03-002,DOC-C01-005 troca a pergunta editorial de 'Como ser mais produtivo sendo neurodivergente?' por 'O que pode dar errado entre aquilo que voce pretende fazer e aquilo que efetivamente consegue realizar - e como reduzir esse risco?'.,strong,0.85,fact
EV-4b2c24d932,strategic_analysis,r1,"O leitor-alvo do editorial e definido pelo reconhecimento do problema, nao pelo interesse em produtividade.",SA-08A,customer,ECO-02,DOC-C02-043,DOC-C01-005 troca a pergunta editorial de 'Como ser mais produtivo sendo neurodivergente?' por 'O que pode dar errado entre aquilo que voce pretende fazer e aquilo que efetivamente consegue realizar - e como reduzir esse risco?'.,strong,0.85,fact
EV-249fbf131a,strategic_analysis,r1,Forca: a matriz Gestao de Projetos x TDAH separa nivel de evidencia (B/C) de inferencia de produto (E) linha a linha.,SA-09A,strength,ECO-03,DOC-C07-002,"DOC-C07-002 traz legenda explicita: 'B/C evidencia cientifica/clinica - C sustentacao clinica/publicada - E inferencia ou decisao de produto', e cada uma das 11 linhas carrega sua classificacao e sua fonte (NIMH, PubMed, Springer).",strong,0.9,fact
EV-df1278a725,strategic_analysis,r1,Forca: a matriz Gestao de Projetos x TDAH separa nivel de evidencia (B/C) de inferencia de produto (E) linha a linha.,SA-09A,strength,ECO-03,DOC-C07-003,"DOC-C07-002 traz legenda explicita: 'B/C evidencia cientifica/clinica - C sustentacao clinica/publicada - E inferencia ou decisao de produto', e cada uma das 11 linhas carrega sua classificacao e sua fonte (NIMH, PubMed, Springer).",strong,0.9,fact
EV-0cebb16389,strategic_analysis,r1,Forca: a matriz Gestao de Projetos x TDAH separa nivel de evidencia (B/C) de inferencia de produto (E) linha a linha.,SA-09A,strength,ECO-03,DOC-C07-004,"DOC-C07-002 traz legenda explicita: 'B/C evidencia cientifica/clinica - C sustentacao clinica/publicada - E inferencia ou decisao de produto', e cada uma das 11 linhas carrega sua classificacao e sua fonte (NIMH, PubMed, Springer).",strong,0.9,fact
EV-2dc7d3b260,strategic_analysis,r1,Ameaca: a duplicidade documental do acervo pode reintroduzir versoes superadas em material publico.,SA-09D,threat,ECO-03,DOC-C03-002,DOC-C03-002 (fonte original 'text 3.txt') e DOC-C01-005 contem o mesmo texto; DOC-C02-042/043 preservam decisoes superadas por politica declarada ('preservacao das decisoes superadas para manter proveniencia').,moderate,0.75,inference
EV-c06ba61b34,strategic_analysis,r1,Ameaca: a duplicidade documental do acervo pode reintroduzir versoes superadas em material publico.,SA-09D,threat,ECO-03,DOC-C01-005,DOC-C03-002 (fonte original 'text 3.txt') e DOC-C01-005 contem o mesmo texto; DOC-C02-042/043 preservam decisoes superadas por politica declarada ('preservacao das decisoes superadas para manter proveniencia').,moderate,0.75,inference
EV-a540974e61,strategic_analysis,r1,Ameaca: a duplicidade documental do acervo pode reintroduzir versoes superadas em material publico.,SA-09D,threat,ECO-03,DOC-C02-043,DOC-C03-002 (fonte original 'text 3.txt') e DOC-C01-005 contem o mesmo texto; DOC-C02-042/043 preservam decisoes superadas por politica declarada ('preservacao das decisoes superadas para manter proveniencia').,moderate,0.75,inference
EV-1deac821c8,formulario,dia1-2,1.1 Problema central,,NEGÓCIO & GTM,"TRANSVERSAL (detalhado por ECO-01, ECO-03 e ECO-02)",DOC-C05-001,"DOC-C05-001 (seção “Corpo”, linha Problema): “Paralisia por excesso, dificuldade de iniciação das tarefas, não linearidade de execução, troca de contexto cognitivo, retrabalho por não respeitar cadeia única de valor e dependências, memória de trabalho limitada, ausência de processos padronizados e múltiplas fontes de execução e plataformas.” Perspectiva do usuário no mesmo documento: “Perco dinheiro e oportunidades por atrasos e desorganização. […] O momento de maior ansiedade e aflição são os primeiros 30 minutos iniciais, pois não sei onde estava ontem, o que devo fazer agora e como sei que terminei.” | DOC-C07-009 (decisão PROD-03): “Definir a dor central como dificuldade de transformar intenção em comportamento organizado ao longo do tempo, evitando o posicionamento genérico de ‘produtividade’.” | DOC-C01-005: “Eu evitaria usar não execução como problema principal. É estreito demais.” e “A distância entre intenção e execução diante de vulnerabilidades cognitivas e demandas reais.” | DOC-C02-039 (BMC, célula Problema): “Apresentar o EXECUTAR cedo demais pode reduzir a credibilidade da investigação e impedir distinguir interesse genuíno pelo problema de interesse no produto.”",,alta,preenchido
EV-018c2900c2,formulario,dia1-2,1.1 Problema central,,NEGÓCIO & GTM,"TRANSVERSAL (detalhado por ECO-01, ECO-03 e ECO-02)",DOC-C07-009,"DOC-C05-001 (seção “Corpo”, linha Problema): “Paralisia por excesso, dificuldade de iniciação das tarefas, não linearidade de execução, troca de contexto cognitivo, retrabalho por não respeitar cadeia única de valor e dependências, memória de trabalho limitada, ausência de processos padronizados e múltiplas fontes de execução e plataformas.” Perspectiva do usuário no mesmo documento: “Perco dinheiro e oportunidades por atrasos e desorganização. […] O momento de maior ansiedade e aflição são os primeiros 30 minutos iniciais, pois não sei onde estava ontem, o que devo fazer agora e como sei que terminei.” | DOC-C07-009 (decisão PROD-03): “Definir a dor central como dificuldade de transformar intenção em comportamento organizado ao longo do tempo, evitando o posicionamento genérico de ‘produtividade’.” | DOC-C01-005: “Eu evitaria usar não execução como problema principal. É estreito demais.” e “A distância entre intenção e execução diante de vulnerabilidades cognitivas e demandas reais.” | DOC-C02-039 (BMC, célula Problema): “Apresentar o EXECUTAR cedo demais pode reduzir a credibilidade da investigação e impedir distinguir interesse genuíno pelo problema de interesse no produto.”",,alta,preenchido
EV-98299e07d5,formulario,dia1-2,1.1 Problema central,,NEGÓCIO & GTM,"TRANSVERSAL (detalhado por ECO-01, ECO-03 e ECO-02)",DOC-C01-005,"DOC-C05-001 (seção “Corpo”, linha Problema): “Paralisia por excesso, dificuldade de iniciação das tarefas, não linearidade de execução, troca de contexto cognitivo, retrabalho por não respeitar cadeia única de valor e dependências, memória de trabalho limitada, ausência de processos padronizados e múltiplas fontes de execução e plataformas.” Perspectiva do usuário no mesmo documento: “Perco dinheiro e oportunidades por atrasos e desorganização. […] O momento de maior ansiedade e aflição são os primeiros 30 minutos iniciais, pois não sei onde estava ontem, o que devo fazer agora e como sei que terminei.” | DOC-C07-009 (decisão PROD-03): “Definir a dor central como dificuldade de transformar intenção em comportamento organizado ao longo do tempo, evitando o posicionamento genérico de ‘produtividade’.” | DOC-C01-005: “Eu evitaria usar não execução como problema principal. É estreito demais.” e “A distância entre intenção e execução diante de vulnerabilidades cognitivas e demandas reais.” | DOC-C02-039 (BMC, célula Problema): “Apresentar o EXECUTAR cedo demais pode reduzir a credibilidade da investigação e impedir distinguir interesse genuíno pelo problema de interesse no produto.”",,alta,preenchido
EV-e468f3d947,formulario,dia1-2,1.1 Problema central,,NEGÓCIO & GTM,"TRANSVERSAL (detalhado por ECO-01, ECO-03 e ECO-02)",DOC-C02-039,"DOC-C05-001 (seção “Corpo”, linha Problema): “Paralisia por excesso, dificuldade de iniciação das tarefas, não linearidade de execução, troca de contexto cognitivo, retrabalho por não respeitar cadeia única de valor e dependências, memória de trabalho limitada, ausência de processos padronizados e múltiplas fontes de execução e plataformas.” Perspectiva do usuário no mesmo documento: “Perco dinheiro e oportunidades por atrasos e desorganização. […] O momento de maior ansiedade e aflição são os primeiros 30 minutos iniciais, pois não sei onde estava ontem, o que devo fazer agora e como sei que terminei.” | DOC-C07-009 (decisão PROD-03): “Definir a dor central como dificuldade de transformar intenção em comportamento organizado ao longo do tempo, evitando o posicionamento genérico de ‘produtividade’.” | DOC-C01-005: “Eu evitaria usar não execução como problema principal. É estreito demais.” e “A distância entre intenção e execução diante de vulnerabilidades cognitivas e demandas reais.” | DOC-C02-039 (BMC, célula Problema): “Apresentar o EXECUTAR cedo demais pode reduzir a credibilidade da investigação e impedir distinguir interesse genuíno pelo problema de interesse no produto.”",,alta,preenchido
EV-7073f874fd,formulario,dia1-2,1.1 Problema central,,NEGÓCIO & GTM,"TRANSVERSAL (detalhado por ECO-01, ECO-03 e ECO-02)",DOC-C07-002,"DOC-C05-001 (seção “Corpo”, linha Problema): “Paralisia por excesso, dificuldade de iniciação das tarefas, não linearidade de execução, troca de contexto cognitivo, retrabalho por não respeitar cadeia única de valor e dependências, memória de trabalho limitada, ausência de processos padronizados e múltiplas fontes de execução e plataformas.” Perspectiva do usuário no mesmo documento: “Perco dinheiro e oportunidades por atrasos e desorganização. […] O momento de maior ansiedade e aflição são os primeiros 30 minutos iniciais, pois não sei onde estava ontem, o que devo fazer agora e como sei que terminei.” | DOC-C07-009 (decisão PROD-03): “Definir a dor central como dificuldade de transformar intenção em comportamento organizado ao longo do tempo, evitando o posicionamento genérico de ‘produtividade’.” | DOC-C01-005: “Eu evitaria usar não execução como problema principal. É estreito demais.” e “A distância entre intenção e execução diante de vulnerabilidades cognitivas e demandas reais.” | DOC-C02-039 (BMC, célula Problema): “Apresentar o EXECUTAR cedo demais pode reduzir a credibilidade da investigação e impedir distinguir interesse genuíno pelo problema de interesse no produto.”",,alta,preenchido
EV-7ed21435c5,formulario,dia1-2,1.1 Problema central,,NEGÓCIO & GTM,"TRANSVERSAL (detalhado por ECO-01, ECO-03 e ECO-02)",DOC-C07-010,"DOC-C05-001 (seção “Corpo”, linha Problema): “Paralisia por excesso, dificuldade de iniciação das tarefas, não linearidade de execução, troca de contexto cognitivo, retrabalho por não respeitar cadeia única de valor e dependências, memória de trabalho limitada, ausência de processos padronizados e múltiplas fontes de execução e plataformas.” Perspectiva do usuário no mesmo documento: “Perco dinheiro e oportunidades por atrasos e desorganização. […] O momento de maior ansiedade e aflição são os primeiros 30 minutos iniciais, pois não sei onde estava ontem, o que devo fazer agora e como sei que terminei.” | DOC-C07-009 (decisão PROD-03): “Definir a dor central como dificuldade de transformar intenção em comportamento organizado ao longo do tempo, evitando o posicionamento genérico de ‘produtividade’.” | DOC-C01-005: “Eu evitaria usar não execução como problema principal. É estreito demais.” e “A distância entre intenção e execução diante de vulnerabilidades cognitivas e demandas reais.” | DOC-C02-039 (BMC, célula Problema): “Apresentar o EXECUTAR cedo demais pode reduzir a credibilidade da investigação e impedir distinguir interesse genuíno pelo problema de interesse no produto.”",,alta,preenchido
EV-0d5c4a9300,formulario,dia1-2,1.2 Público-alvo / ICP,,NEGÓCIO & GTM,TRANSVERSAL — conflito em ECO-01; ECO-07 e ECO-02 têm públicos próprios,DOC-C05-001,"DOC-C05-001: “Homens, adultos, neurodivergentes, autônomos, na faixa dos 25–35 anos, recém-diagnosticados…” | DOC-C07-009 (ICP-01, status DECIDED_FOR_TEST, confiança MÉDIA-ALTA): “Iniciar testes por profissionais independentes multiprojeto, sem exigir diagnóstico de TDAH”; e “O que não é critério de entrada: Diagnóstico de TDAH. Diagnóstico/autodeclaração deve ser variável opcional posterior, especialmente porque dados de saúde são sensíveis e não são necessários para o core funcional.” | DOC-C05-001 (SSOT Executar Studio, item 02 Público): “Profissionais solo, autônomos e pequenos negócios com trabalho, informação, clientes e projetos dispersos.” | DOC-C02-039 (BMC, Público/validação): “Leitores interessados em funções executivas, neurodivergência, trabalho, projetos e risco.”",,alta,conflito
EV-b80822cbbc,formulario,dia1-2,1.2 Público-alvo / ICP,,NEGÓCIO & GTM,TRANSVERSAL — conflito em ECO-01; ECO-07 e ECO-02 têm públicos próprios,DOC-C07-009,"DOC-C05-001: “Homens, adultos, neurodivergentes, autônomos, na faixa dos 25–35 anos, recém-diagnosticados…” | DOC-C07-009 (ICP-01, status DECIDED_FOR_TEST, confiança MÉDIA-ALTA): “Iniciar testes por profissionais independentes multiprojeto, sem exigir diagnóstico de TDAH”; e “O que não é critério de entrada: Diagnóstico de TDAH. Diagnóstico/autodeclaração deve ser variável opcional posterior, especialmente porque dados de saúde são sensíveis e não são necessários para o core funcional.” | DOC-C05-001 (SSOT Executar Studio, item 02 Público): “Profissionais solo, autônomos e pequenos negócios com trabalho, informação, clientes e projetos dispersos.” | DOC-C02-039 (BMC, Público/validação): “Leitores interessados em funções executivas, neurodivergência, trabalho, projetos e risco.”",,alta,conflito
EV-c33a843c3c,formulario,dia1-2,1.2 Público-alvo / ICP,,NEGÓCIO & GTM,TRANSVERSAL — conflito em ECO-01; ECO-07 e ECO-02 têm públicos próprios,DOC-C02-039,"DOC-C05-001: “Homens, adultos, neurodivergentes, autônomos, na faixa dos 25–35 anos, recém-diagnosticados…” | DOC-C07-009 (ICP-01, status DECIDED_FOR_TEST, confiança MÉDIA-ALTA): “Iniciar testes por profissionais independentes multiprojeto, sem exigir diagnóstico de TDAH”; e “O que não é critério de entrada: Diagnóstico de TDAH. Diagnóstico/autodeclaração deve ser variável opcional posterior, especialmente porque dados de saúde são sensíveis e não são necessários para o core funcional.” | DOC-C05-001 (SSOT Executar Studio, item 02 Público): “Profissionais solo, autônomos e pequenos negócios com trabalho, informação, clientes e projetos dispersos.” | DOC-C02-039 (BMC, Público/validação): “Leitores interessados em funções executivas, neurodivergência, trabalho, projetos e risco.”",,alta,conflito
EV-ad60eb62e3,formulario,dia1-2,1.3 Proposta de valor,,NEGÓCIO & GTM,"TRANSVERSAL — respostas distintas em ECO-01, ECO-07, ECO-02/03, ECO-05 e ECO-04",DOC-C05-001,"DOC-C05-001 (Benefício e Promessa principal; Mensagem final): “O usuário executa. O sistema sustenta a execução.”; Headline 01: “O app de produtividade feito para você não usar.”; Descrição 01: “Executar é um sistema de gestão de projetos orientado à execução que reduz configuração, organização manual e decisões repetitivas para mostrar o que pode ser feito agora.” | DOC-C07-009 (campo positioning): “Sistema de execução para profissionais multiprojeto que transforma contexto em próxima ação e preserva o estado do trabalho.” | DOC-C09-004: “O aplicativo de produtividade feito para você usar menos. O sistema sustenta a estrutura; o usuário executa.” | DOC-C09-006: “Traga o problema. Em 7 dias, saia com um sistema funcionando.” | DOC-C02-039 (BMC, Proposta de valor): “Transformar Risco Cognitivo em uma categoria editorial e investigável antes de conectá-la ao produto.”",,alta,preenchido
EV-61423513c7,formulario,dia1-2,1.3 Proposta de valor,,NEGÓCIO & GTM,"TRANSVERSAL — respostas distintas em ECO-01, ECO-07, ECO-02/03, ECO-05 e ECO-04",DOC-C07-009,"DOC-C05-001 (Benefício e Promessa principal; Mensagem final): “O usuário executa. O sistema sustenta a execução.”; Headline 01: “O app de produtividade feito para você não usar.”; Descrição 01: “Executar é um sistema de gestão de projetos orientado à execução que reduz configuração, organização manual e decisões repetitivas para mostrar o que pode ser feito agora.” | DOC-C07-009 (campo positioning): “Sistema de execução para profissionais multiprojeto que transforma contexto em próxima ação e preserva o estado do trabalho.” | DOC-C09-004: “O aplicativo de produtividade feito para você usar menos. O sistema sustenta a estrutura; o usuário executa.” | DOC-C09-006: “Traga o problema. Em 7 dias, saia com um sistema funcionando.” | DOC-C02-039 (BMC, Proposta de valor): “Transformar Risco Cognitivo em uma categoria editorial e investigável antes de conectá-la ao produto.”",,alta,preenchido
EV-d2871aa446,formulario,dia1-2,1.3 Proposta de valor,,NEGÓCIO & GTM,"TRANSVERSAL — respostas distintas em ECO-01, ECO-07, ECO-02/03, ECO-05 e ECO-04",DOC-C09-004,"DOC-C05-001 (Benefício e Promessa principal; Mensagem final): “O usuário executa. O sistema sustenta a execução.”; Headline 01: “O app de produtividade feito para você não usar.”; Descrição 01: “Executar é um sistema de gestão de projetos orientado à execução que reduz configuração, organização manual e decisões repetitivas para mostrar o que pode ser feito agora.” | DOC-C07-009 (campo positioning): “Sistema de execução para profissionais multiprojeto que transforma contexto em próxima ação e preserva o estado do trabalho.” | DOC-C09-004: “O aplicativo de produtividade feito para você usar menos. O sistema sustenta a estrutura; o usuário executa.” | DOC-C09-006: “Traga o problema. Em 7 dias, saia com um sistema funcionando.” | DOC-C02-039 (BMC, Proposta de valor): “Transformar Risco Cognitivo em uma categoria editorial e investigável antes de conectá-la ao produto.”",,alta,preenchido
EV-af44395105,formulario,dia1-2,1.3 Proposta de valor,,NEGÓCIO & GTM,"TRANSVERSAL — respostas distintas em ECO-01, ECO-07, ECO-02/03, ECO-05 e ECO-04",DOC-C09-006,"DOC-C05-001 (Benefício e Promessa principal; Mensagem final): “O usuário executa. O sistema sustenta a execução.”; Headline 01: “O app de produtividade feito para você não usar.”; Descrição 01: “Executar é um sistema de gestão de projetos orientado à execução que reduz configuração, organização manual e decisões repetitivas para mostrar o que pode ser feito agora.” | DOC-C07-009 (campo positioning): “Sistema de execução para profissionais multiprojeto que transforma contexto em próxima ação e preserva o estado do trabalho.” | DOC-C09-004: “O aplicativo de produtividade feito para você usar menos. O sistema sustenta a estrutura; o usuário executa.” | DOC-C09-006: “Traga o problema. Em 7 dias, saia com um sistema funcionando.” | DOC-C02-039 (BMC, Proposta de valor): “Transformar Risco Cognitivo em uma categoria editorial e investigável antes de conectá-la ao produto.”",,alta,preenchido
EV-6f77451405,formulario,dia1-2,1.3 Proposta de valor,,NEGÓCIO & GTM,"TRANSVERSAL — respostas distintas em ECO-01, ECO-07, ECO-02/03, ECO-05 e ECO-04",DOC-C09-016,"DOC-C05-001 (Benefício e Promessa principal; Mensagem final): “O usuário executa. O sistema sustenta a execução.”; Headline 01: “O app de produtividade feito para você não usar.”; Descrição 01: “Executar é um sistema de gestão de projetos orientado à execução que reduz configuração, organização manual e decisões repetitivas para mostrar o que pode ser feito agora.” | DOC-C07-009 (campo positioning): “Sistema de execução para profissionais multiprojeto que transforma contexto em próxima ação e preserva o estado do trabalho.” | DOC-C09-004: “O aplicativo de produtividade feito para você usar menos. O sistema sustenta a estrutura; o usuário executa.” | DOC-C09-006: “Traga o problema. Em 7 dias, saia com um sistema funcionando.” | DOC-C02-039 (BMC, Proposta de valor): “Transformar Risco Cognitivo em uma categoria editorial e investigável antes de conectá-la ao produto.”",,alta,preenchido
EV-0149c993ce,formulario,dia1-2,1.3 Proposta de valor,,NEGÓCIO & GTM,"TRANSVERSAL — respostas distintas em ECO-01, ECO-07, ECO-02/03, ECO-05 e ECO-04",DOC-C09-008,"DOC-C05-001 (Benefício e Promessa principal; Mensagem final): “O usuário executa. O sistema sustenta a execução.”; Headline 01: “O app de produtividade feito para você não usar.”; Descrição 01: “Executar é um sistema de gestão de projetos orientado à execução que reduz configuração, organização manual e decisões repetitivas para mostrar o que pode ser feito agora.” | DOC-C07-009 (campo positioning): “Sistema de execução para profissionais multiprojeto que transforma contexto em próxima ação e preserva o estado do trabalho.” | DOC-C09-004: “O aplicativo de produtividade feito para você usar menos. O sistema sustenta a estrutura; o usuário executa.” | DOC-C09-006: “Traga o problema. Em 7 dias, saia com um sistema funcionando.” | DOC-C02-039 (BMC, Proposta de valor): “Transformar Risco Cognitivo em uma categoria editorial e investigável antes de conectá-la ao produto.”",,alta,preenchido
EV-e409d1cbdb,formulario,dia1-2,1.3 Proposta de valor,,NEGÓCIO & GTM,"TRANSVERSAL — respostas distintas em ECO-01, ECO-07, ECO-02/03, ECO-05 e ECO-04",DOC-C02-039,"DOC-C05-001 (Benefício e Promessa principal; Mensagem final): “O usuário executa. O sistema sustenta a execução.”; Headline 01: “O app de produtividade feito para você não usar.”; Descrição 01: “Executar é um sistema de gestão de projetos orientado à execução que reduz configuração, organização manual e decisões repetitivas para mostrar o que pode ser feito agora.” | DOC-C07-009 (campo positioning): “Sistema de execução para profissionais multiprojeto que transforma contexto em próxima ação e preserva o estado do trabalho.” | DOC-C09-004: “O aplicativo de produtividade feito para você usar menos. O sistema sustenta a estrutura; o usuário executa.” | DOC-C09-006: “Traga o problema. Em 7 dias, saia com um sistema funcionando.” | DOC-C02-039 (BMC, Proposta de valor): “Transformar Risco Cognitivo em uma categoria editorial e investigável antes de conectá-la ao produto.”",,alta,preenchido
EV-cea4764f4a,formulario,dia1-2,1.4 Canais de aquisição,,NEGÓCIO & GTM,TRANSVERSAL,DOC-C05-001,"DOC-C05-001 (Arquitetura das plataformas): “OWNED 01 executar.com / Blog — Fonte canônica do conteúdo; OWNED 02 Biblioteca Executar; OWNED 03 E-mail / newsletter; DISTRIBUIÇÃO 01 YouTube; 02 Instagram; 03 TikTok; 04 LinkedIn”; e “Instagram, YouTube, TikTok e LinkedIn não são plataformas proprietárias; são plataformas alugadas/terceiras.” | DOC-C05-001 (SSOT Studio, item 13 Aquisição): “Conteúdo → Showroom → Formulário visual → Encontro → Projeto.” | DOC-C08-004: “CH-001 Experimentar Executar → página do aplicativo”, “CH-003 Explorar a biblioteca”, “CH-007 Ver o livro → ligação de afiliado”, “CH-010 Entrar na lista → formulário”. | DOC-C02-043: “Pacote: 1 artigo, 1 newsletter, 1 vídeo principal, 3 vídeos curtos, 2 carrosséis, 6 posts curtos, 1 infográfico, 1 checklist, 1 lead magnet e 1 landing page — 18 ativos principais.” | DOC-C09-018: “Núcleo inicial — Russell A. Barkley · Vencendo o TDAH Adulto; Russell A. Barkley · Executive Functions; Ana Beatriz Barbosa Silva · Mentes Inquietas.”",,alta,preenchido
EV-4f3964859e,formulario,dia1-2,1.4 Canais de aquisição,,NEGÓCIO & GTM,TRANSVERSAL,DOC-C08-004,"DOC-C05-001 (Arquitetura das plataformas): “OWNED 01 executar.com / Blog — Fonte canônica do conteúdo; OWNED 02 Biblioteca Executar; OWNED 03 E-mail / newsletter; DISTRIBUIÇÃO 01 YouTube; 02 Instagram; 03 TikTok; 04 LinkedIn”; e “Instagram, YouTube, TikTok e LinkedIn não são plataformas proprietárias; são plataformas alugadas/terceiras.” | DOC-C05-001 (SSOT Studio, item 13 Aquisição): “Conteúdo → Showroom → Formulário visual → Encontro → Projeto.” | DOC-C08-004: “CH-001 Experimentar Executar → página do aplicativo”, “CH-003 Explorar a biblioteca”, “CH-007 Ver o livro → ligação de afiliado”, “CH-010 Entrar na lista → formulário”. | DOC-C02-043: “Pacote: 1 artigo, 1 newsletter, 1 vídeo principal, 3 vídeos curtos, 2 carrosséis, 6 posts curtos, 1 infográfico, 1 checklist, 1 lead magnet e 1 landing page — 18 ativos principais.” | DOC-C09-018: “Núcleo inicial — Russell A. Barkley · Vencendo o TDAH Adulto; Russell A. Barkley · Executive Functions; Ana Beatriz Barbosa Silva · Mentes Inquietas.”",,alta,preenchido
EV-dc539433d6,formulario,dia1-2,1.4 Canais de aquisição,,NEGÓCIO & GTM,TRANSVERSAL,DOC-C08-006,"DOC-C05-001 (Arquitetura das plataformas): “OWNED 01 executar.com / Blog — Fonte canônica do conteúdo; OWNED 02 Biblioteca Executar; OWNED 03 E-mail / newsletter; DISTRIBUIÇÃO 01 YouTube; 02 Instagram; 03 TikTok; 04 LinkedIn”; e “Instagram, YouTube, TikTok e LinkedIn não são plataformas proprietárias; são plataformas alugadas/terceiras.” | DOC-C05-001 (SSOT Studio, item 13 Aquisição): “Conteúdo → Showroom → Formulário visual → Encontro → Projeto.” | DOC-C08-004: “CH-001 Experimentar Executar → página do aplicativo”, “CH-003 Explorar a biblioteca”, “CH-007 Ver o livro → ligação de afiliado”, “CH-010 Entrar na lista → formulário”. | DOC-C02-043: “Pacote: 1 artigo, 1 newsletter, 1 vídeo principal, 3 vídeos curtos, 2 carrosséis, 6 posts curtos, 1 infográfico, 1 checklist, 1 lead magnet e 1 landing page — 18 ativos principais.” | DOC-C09-018: “Núcleo inicial — Russell A. Barkley · Vencendo o TDAH Adulto; Russell A. Barkley · Executive Functions; Ana Beatriz Barbosa Silva · Mentes Inquietas.”",,alta,preenchido
EV-080e75680a,formulario,dia1-2,1.4 Canais de aquisição,,NEGÓCIO & GTM,TRANSVERSAL,DOC-C06-001,"DOC-C05-001 (Arquitetura das plataformas): “OWNED 01 executar.com / Blog — Fonte canônica do conteúdo; OWNED 02 Biblioteca Executar; OWNED 03 E-mail / newsletter; DISTRIBUIÇÃO 01 YouTube; 02 Instagram; 03 TikTok; 04 LinkedIn”; e “Instagram, YouTube, TikTok e LinkedIn não são plataformas proprietárias; são plataformas alugadas/terceiras.” | DOC-C05-001 (SSOT Studio, item 13 Aquisição): “Conteúdo → Showroom → Formulário visual → Encontro → Projeto.” | DOC-C08-004: “CH-001 Experimentar Executar → página do aplicativo”, “CH-003 Explorar a biblioteca”, “CH-007 Ver o livro → ligação de afiliado”, “CH-010 Entrar na lista → formulário”. | DOC-C02-043: “Pacote: 1 artigo, 1 newsletter, 1 vídeo principal, 3 vídeos curtos, 2 carrosséis, 6 posts curtos, 1 infográfico, 1 checklist, 1 lead magnet e 1 landing page — 18 ativos principais.” | DOC-C09-018: “Núcleo inicial — Russell A. Barkley · Vencendo o TDAH Adulto; Russell A. Barkley · Executive Functions; Ana Beatriz Barbosa Silva · Mentes Inquietas.”",,alta,preenchido
EV-e899fa4e17,formulario,dia1-2,1.4 Canais de aquisição,,NEGÓCIO & GTM,TRANSVERSAL,DOC-C02-043,"DOC-C05-001 (Arquitetura das plataformas): “OWNED 01 executar.com / Blog — Fonte canônica do conteúdo; OWNED 02 Biblioteca Executar; OWNED 03 E-mail / newsletter; DISTRIBUIÇÃO 01 YouTube; 02 Instagram; 03 TikTok; 04 LinkedIn”; e “Instagram, YouTube, TikTok e LinkedIn não são plataformas proprietárias; são plataformas alugadas/terceiras.” | DOC-C05-001 (SSOT Studio, item 13 Aquisição): “Conteúdo → Showroom → Formulário visual → Encontro → Projeto.” | DOC-C08-004: “CH-001 Experimentar Executar → página do aplicativo”, “CH-003 Explorar a biblioteca”, “CH-007 Ver o livro → ligação de afiliado”, “CH-010 Entrar na lista → formulário”. | DOC-C02-043: “Pacote: 1 artigo, 1 newsletter, 1 vídeo principal, 3 vídeos curtos, 2 carrosséis, 6 posts curtos, 1 infográfico, 1 checklist, 1 lead magnet e 1 landing page — 18 ativos principais.” | DOC-C09-018: “Núcleo inicial — Russell A. Barkley · Vencendo o TDAH Adulto; Russell A. Barkley · Executive Functions; Ana Beatriz Barbosa Silva · Mentes Inquietas.”",,alta,preenchido
EV-9c74079781,formulario,dia1-2,1.4 Canais de aquisição,,NEGÓCIO & GTM,TRANSVERSAL,DOC-C09-015,"DOC-C05-001 (Arquitetura das plataformas): “OWNED 01 executar.com / Blog — Fonte canônica do conteúdo; OWNED 02 Biblioteca Executar; OWNED 03 E-mail / newsletter; DISTRIBUIÇÃO 01 YouTube; 02 Instagram; 03 TikTok; 04 LinkedIn”; e “Instagram, YouTube, TikTok e LinkedIn não são plataformas proprietárias; são plataformas alugadas/terceiras.” | DOC-C05-001 (SSOT Studio, item 13 Aquisição): “Conteúdo → Showroom → Formulário visual → Encontro → Projeto.” | DOC-C08-004: “CH-001 Experimentar Executar → página do aplicativo”, “CH-003 Explorar a biblioteca”, “CH-007 Ver o livro → ligação de afiliado”, “CH-010 Entrar na lista → formulário”. | DOC-C02-043: “Pacote: 1 artigo, 1 newsletter, 1 vídeo principal, 3 vídeos curtos, 2 carrosséis, 6 posts curtos, 1 infográfico, 1 checklist, 1 lead magnet e 1 landing page — 18 ativos principais.” | DOC-C09-018: “Núcleo inicial — Russell A. Barkley · Vencendo o TDAH Adulto; Russell A. Barkley · Executive Functions; Ana Beatriz Barbosa Silva · Mentes Inquietas.”",,alta,preenchido
EV-9c3ea7fdcc,formulario,dia1-2,1.4 Canais de aquisição,,NEGÓCIO & GTM,TRANSVERSAL,DOC-C09-018,"DOC-C05-001 (Arquitetura das plataformas): “OWNED 01 executar.com / Blog — Fonte canônica do conteúdo; OWNED 02 Biblioteca Executar; OWNED 03 E-mail / newsletter; DISTRIBUIÇÃO 01 YouTube; 02 Instagram; 03 TikTok; 04 LinkedIn”; e “Instagram, YouTube, TikTok e LinkedIn não são plataformas proprietárias; são plataformas alugadas/terceiras.” | DOC-C05-001 (SSOT Studio, item 13 Aquisição): “Conteúdo → Showroom → Formulário visual → Encontro → Projeto.” | DOC-C08-004: “CH-001 Experimentar Executar → página do aplicativo”, “CH-003 Explorar a biblioteca”, “CH-007 Ver o livro → ligação de afiliado”, “CH-010 Entrar na lista → formulário”. | DOC-C02-043: “Pacote: 1 artigo, 1 newsletter, 1 vídeo principal, 3 vídeos curtos, 2 carrosséis, 6 posts curtos, 1 infográfico, 1 checklist, 1 lead magnet e 1 landing page — 18 ativos principais.” | DOC-C09-018: “Núcleo inicial — Russell A. Barkley · Vencendo o TDAH Adulto; Russell A. Barkley · Executive Functions; Ana Beatriz Barbosa Silva · Mentes Inquietas.”",,alta,preenchido
EV-2d5ab1dac0,formulario,dia1-2,1.4 Canais de aquisição,,NEGÓCIO & GTM,TRANSVERSAL,DOC-C12-004,"DOC-C05-001 (Arquitetura das plataformas): “OWNED 01 executar.com / Blog — Fonte canônica do conteúdo; OWNED 02 Biblioteca Executar; OWNED 03 E-mail / newsletter; DISTRIBUIÇÃO 01 YouTube; 02 Instagram; 03 TikTok; 04 LinkedIn”; e “Instagram, YouTube, TikTok e LinkedIn não são plataformas proprietárias; são plataformas alugadas/terceiras.” | DOC-C05-001 (SSOT Studio, item 13 Aquisição): “Conteúdo → Showroom → Formulário visual → Encontro → Projeto.” | DOC-C08-004: “CH-001 Experimentar Executar → página do aplicativo”, “CH-003 Explorar a biblioteca”, “CH-007 Ver o livro → ligação de afiliado”, “CH-010 Entrar na lista → formulário”. | DOC-C02-043: “Pacote: 1 artigo, 1 newsletter, 1 vídeo principal, 3 vídeos curtos, 2 carrosséis, 6 posts curtos, 1 infográfico, 1 checklist, 1 lead magnet e 1 landing page — 18 ativos principais.” | DOC-C09-018: “Núcleo inicial — Russell A. Barkley · Vencendo o TDAH Adulto; Russell A. Barkley · Executive Functions; Ana Beatriz Barbosa Silva · Mentes Inquietas.”",,alta,preenchido
EV-739a817b64,formulario,dia1-2,1.5 Métrica North Star,,NEGÓCIO & GTM,ECO-01 (candidato VALUE_EVENT-01) e ECO-02 (meta de output),DOC-C07-009,"DOC-C07-009 (objeto telemetry): “value_event_01: Projeto real → contexto interpretado → próxima ação válida → ação executada → conclusão/evidência registrada”; “functional_efficacy_endpoints: time_to_next_action, resume_latency, completion_rate, context_reconstruction, execution_cycles_per_week, abandonment_rate.” | DOC-C02-043 (Objetivo SMART da primeira fase): “Mensurável: publicar 18 ativos em 14 dias, com artigo dentro de 1.200–1.800 palavras”; “Não estabelecer ainda metas arbitrárias de seguidores ou leads sem baseline.” | DOC-C02-039 (rodapé do BMC): “métricas não informadas permanecem desconhecidas”. | DOC-C16-003 (MED-001) lista apenas o que verificar (chamada→destino, formulário→recebimento, download→arquivo), sem métrica-alvo.",,media,parcial
EV-1d0f1179a1,formulario,dia1-2,1.5 Métrica North Star,,NEGÓCIO & GTM,ECO-01 (candidato VALUE_EVENT-01) e ECO-02 (meta de output),DOC-C02-043,"DOC-C07-009 (objeto telemetry): “value_event_01: Projeto real → contexto interpretado → próxima ação válida → ação executada → conclusão/evidência registrada”; “functional_efficacy_endpoints: time_to_next_action, resume_latency, completion_rate, context_reconstruction, execution_cycles_per_week, abandonment_rate.” | DOC-C02-043 (Objetivo SMART da primeira fase): “Mensurável: publicar 18 ativos em 14 dias, com artigo dentro de 1.200–1.800 palavras”; “Não estabelecer ainda metas arbitrárias de seguidores ou leads sem baseline.” | DOC-C02-039 (rodapé do BMC): “métricas não informadas permanecem desconhecidas”. | DOC-C16-003 (MED-001) lista apenas o que verificar (chamada→destino, formulário→recebimento, download→arquivo), sem métrica-alvo.",,media,parcial
EV-8ee7ae54c3,formulario,dia1-2,1.5 Métrica North Star,,NEGÓCIO & GTM,ECO-01 (candidato VALUE_EVENT-01) e ECO-02 (meta de output),DOC-C02-039,"DOC-C07-009 (objeto telemetry): “value_event_01: Projeto real → contexto interpretado → próxima ação válida → ação executada → conclusão/evidência registrada”; “functional_efficacy_endpoints: time_to_next_action, resume_latency, completion_rate, context_reconstruction, execution_cycles_per_week, abandonment_rate.” | DOC-C02-043 (Objetivo SMART da primeira fase): “Mensurável: publicar 18 ativos em 14 dias, com artigo dentro de 1.200–1.800 palavras”; “Não estabelecer ainda metas arbitrárias de seguidores ou leads sem baseline.” | DOC-C02-039 (rodapé do BMC): “métricas não informadas permanecem desconhecidas”. | DOC-C16-003 (MED-001) lista apenas o que verificar (chamada→destino, formulário→recebimento, download→arquivo), sem métrica-alvo.",,media,parcial
EV-4b0e0bbbd7,formulario,dia1-2,1.5 Métrica North Star,,NEGÓCIO & GTM,ECO-01 (candidato VALUE_EVENT-01) e ECO-02 (meta de output),DOC-C16-003,"DOC-C07-009 (objeto telemetry): “value_event_01: Projeto real → contexto interpretado → próxima ação válida → ação executada → conclusão/evidência registrada”; “functional_efficacy_endpoints: time_to_next_action, resume_latency, completion_rate, context_reconstruction, execution_cycles_per_week, abandonment_rate.” | DOC-C02-043 (Objetivo SMART da primeira fase): “Mensurável: publicar 18 ativos em 14 dias, com artigo dentro de 1.200–1.800 palavras”; “Não estabelecer ainda metas arbitrárias de seguidores ou leads sem baseline.” | DOC-C02-039 (rodapé do BMC): “métricas não informadas permanecem desconhecidas”. | DOC-C16-003 (MED-001) lista apenas o que verificar (chamada→destino, formulário→recebimento, download→arquivo), sem métrica-alvo.",,media,parcial
EV-7d2b3e236a,formulario,dia1-2,1.5 Métrica North Star,,NEGÓCIO & GTM,ECO-01 (candidato VALUE_EVENT-01) e ECO-02 (meta de output),DOC-C16-006,"DOC-C07-009 (objeto telemetry): “value_event_01: Projeto real → contexto interpretado → próxima ação válida → ação executada → conclusão/evidência registrada”; “functional_efficacy_endpoints: time_to_next_action, resume_latency, completion_rate, context_reconstruction, execution_cycles_per_week, abandonment_rate.” | DOC-C02-043 (Objetivo SMART da primeira fase): “Mensurável: publicar 18 ativos em 14 dias, com artigo dentro de 1.200–1.800 palavras”; “Não estabelecer ainda metas arbitrárias de seguidores ou leads sem baseline.” | DOC-C02-039 (rodapé do BMC): “métricas não informadas permanecem desconhecidas”. | DOC-C16-003 (MED-001) lista apenas o que verificar (chamada→destino, formulário→recebimento, download→arquivo), sem métrica-alvo.",,media,parcial
EV-618df760dd,formulario,dia1-2,1.6 Métricas guardrail,,NEGÓCIO & GTM,TRANSVERSAL — econômico e de claims em ECO-01; operacional no GTM 07/09,DOC-C07-009,"DOC-C07-009 (CAC-01): “Usar TARGET-CAC provisório ≤ R$70 e alerta/limite de aproximadamente R$95 até existir CAC observado.” | DOC-C07-009 (claims_policy.prohibited_now): lista literal dos seis claims proibidos. | DOC-C07-009 (Invariantes): “modelo econômico ≠ unit economics observado”. | DOC-C06-001 (D11, DoD do dia): “Broken links = 0; fluxo de conversão testado”; D12: “Tudo agendado; backlog crítico = 0; GTM READY.” | DOC-C08-007: “não existe entrega crítica aguardando produção.”",,alta,preenchido
EV-a569044d3a,formulario,dia1-2,1.6 Métricas guardrail,,NEGÓCIO & GTM,TRANSVERSAL — econômico e de claims em ECO-01; operacional no GTM 07/09,DOC-C06-001,"DOC-C07-009 (CAC-01): “Usar TARGET-CAC provisório ≤ R$70 e alerta/limite de aproximadamente R$95 até existir CAC observado.” | DOC-C07-009 (claims_policy.prohibited_now): lista literal dos seis claims proibidos. | DOC-C07-009 (Invariantes): “modelo econômico ≠ unit economics observado”. | DOC-C06-001 (D11, DoD do dia): “Broken links = 0; fluxo de conversão testado”; D12: “Tudo agendado; backlog crítico = 0; GTM READY.” | DOC-C08-007: “não existe entrega crítica aguardando produção.”",,alta,preenchido
EV-dc28028810,formulario,dia1-2,1.6 Métricas guardrail,,NEGÓCIO & GTM,TRANSVERSAL — econômico e de claims em ECO-01; operacional no GTM 07/09,DOC-C08-007,"DOC-C07-009 (CAC-01): “Usar TARGET-CAC provisório ≤ R$70 e alerta/limite de aproximadamente R$95 até existir CAC observado.” | DOC-C07-009 (claims_policy.prohibited_now): lista literal dos seis claims proibidos. | DOC-C07-009 (Invariantes): “modelo econômico ≠ unit economics observado”. | DOC-C06-001 (D11, DoD do dia): “Broken links = 0; fluxo de conversão testado”; D12: “Tudo agendado; backlog crítico = 0; GTM READY.” | DOC-C08-007: “não existe entrega crítica aguardando produção.”",,alta,preenchido
EV-a187e10abf,formulario,dia1-2,1.7 CAC (custo de aquisição),,NEGÓCIO & GTM,ECO-01,DOC-C07-009,"DOC-C07-009 (bloco “CAC guardrail”): “≤ R$70 alvo conservador; ≈ R$95 alerta / cenário-base. CAC observado = gasto atribuível / novos clientes pagantes. CPI, CPM, clique e cadastro não substituem CAC.” | Achado CAC-HYP-01 (epistemic_class E, status MODEL_GUARDRAIL): “Guardrail econômico; CAC observado só existe após campanha e aquisição pagante.” | Gap registrado: {gap: CAC, status: “MODELO + GUARDRAIL”, closed: false, remaining: “Campanhas e clientes pagantes.”}",,media,parcial
EV-6041a75ae4,formulario,dia1-2,1.8 LTV (valor do tempo de vida),,NEGÓCIO & GTM,ECO-01,DOC-C07-009,"DOC-C07-009 (unit_economics, status MODEL_HYPOTHESIS_NOT_OBSERVED): “arpu_monthly_brl: 49.9; gross_margin_assumption: 0.85; scenarios: optimistic churn 0.10 → ltv 424; base churn 0.15 → ltv 282.77; conservative churn 0.20 → ltv 212.” | Achado LTV-HYP-01: “LTV_MODEL_BASE ≈ R$282,77 sob ARPU R$49,90, margem bruta 85% e churn mensal 15%. […] Não persistir como LTV factual.” | Gap registrado: {gap: LTV, status: “MODELO HIPOTÉTICO”, closed: false, remaining: “Retenção, churn e margem reais.”}",,media,parcial
EV-f6f2c07d8c,formulario,dia1-2,1.9 Margem por unidade/usuário,,NEGÓCIO & GTM,"TRANSVERSAL — ECO-01 (premissa 85%), ECO-05 (taxa de canal), ECO-04 (landed cost incompleto)",DOC-C07-009,"DOC-C07-009: “gross_margin_assumption: 0.85”, dentro de unit_economics com status MODEL_HYPOTHESIS_NOT_OBSERVED. | DOC-C05-001 (Hotmart e margem): “a página comercial da Hotmart já anuncia 9,9% + R$2,49. Eu faria suas projeções usando 9,9% + R$2,49, por prudência”; e “valor percebido → benchmark → posicionamento → taxa do canal → CAC → margem de contribuição.” | DOC-C05-001 (Unit Economics — produtos físicos): tabela do Timer 45 com “Preço do fornecedor R$39” e cinco linhas “preencher”; “O preço deve nascer de Y, e não dos R$39.” | DOC-C09-008: “Timer 45 | ferramenta funcional | validar custo e preço”.",,media,parcial
EV-d33c3d8448,formulario,dia1-2,1.9 Margem por unidade/usuário,,NEGÓCIO & GTM,"TRANSVERSAL — ECO-01 (premissa 85%), ECO-05 (taxa de canal), ECO-04 (landed cost incompleto)",DOC-C05-001,"DOC-C07-009: “gross_margin_assumption: 0.85”, dentro de unit_economics com status MODEL_HYPOTHESIS_NOT_OBSERVED. | DOC-C05-001 (Hotmart e margem): “a página comercial da Hotmart já anuncia 9,9% + R$2,49. Eu faria suas projeções usando 9,9% + R$2,49, por prudência”; e “valor percebido → benchmark → posicionamento → taxa do canal → CAC → margem de contribuição.” | DOC-C05-001 (Unit Economics — produtos físicos): tabela do Timer 45 com “Preço do fornecedor R$39” e cinco linhas “preencher”; “O preço deve nascer de Y, e não dos R$39.” | DOC-C09-008: “Timer 45 | ferramenta funcional | validar custo e preço”.",,media,parcial
EV-13b6cef14c,formulario,dia1-2,1.9 Margem por unidade/usuário,,NEGÓCIO & GTM,"TRANSVERSAL — ECO-01 (premissa 85%), ECO-05 (taxa de canal), ECO-04 (landed cost incompleto)",DOC-C09-008,"DOC-C07-009: “gross_margin_assumption: 0.85”, dentro de unit_economics com status MODEL_HYPOTHESIS_NOT_OBSERVED. | DOC-C05-001 (Hotmart e margem): “a página comercial da Hotmart já anuncia 9,9% + R$2,49. Eu faria suas projeções usando 9,9% + R$2,49, por prudência”; e “valor percebido → benchmark → posicionamento → taxa do canal → CAC → margem de contribuição.” | DOC-C05-001 (Unit Economics — produtos físicos): tabela do Timer 45 com “Preço do fornecedor R$39” e cinco linhas “preencher”; “O preço deve nascer de Y, e não dos R$39.” | DOC-C09-008: “Timer 45 | ferramenta funcional | validar custo e preço”.",,media,parcial
EV-4388c440b5,formulario,dia1-2,1.10 Ponto de equilíbrio (breakeven),,NEGÓCIO & GTM,TRANSVERSAL,DOC-C04-001,"Busca literal por “break-even”, “breakeven” e “ponto de equilíbrio” em todos os 214 arquivos retorna um único hit: DOC-C04-001 (Cronograma.md), que é o cronograma do próprio formulário e apenas lista o nome do campo — “1.10 | Ponto de equilíbrio (breakeven) | formulário”. DOC-C07-009, o documento econômico mais avançado do corpus, cobre preço, CAC, LTV e PMF, mas não calcula breakeven, e classifica todo o bloco de unit economics como MODEL_HYPOTHESIS_NOT_OBSERVED. DOC-C05-001 discute margem, markup e capital de giro, mas nunca ponto de equilíbrio.",,alta,lacuna
EV-b80523795c,formulario,dia1-2,1.10 Ponto de equilíbrio (breakeven),,NEGÓCIO & GTM,TRANSVERSAL,DOC-C07-009,"Busca literal por “break-even”, “breakeven” e “ponto de equilíbrio” em todos os 214 arquivos retorna um único hit: DOC-C04-001 (Cronograma.md), que é o cronograma do próprio formulário e apenas lista o nome do campo — “1.10 | Ponto de equilíbrio (breakeven) | formulário”. DOC-C07-009, o documento econômico mais avançado do corpus, cobre preço, CAC, LTV e PMF, mas não calcula breakeven, e classifica todo o bloco de unit economics como MODEL_HYPOTHESIS_NOT_OBSERVED. DOC-C05-001 discute margem, markup e capital de giro, mas nunca ponto de equilíbrio.",,alta,lacuna
EV-8a4134ece1,formulario,dia1-2,1.10 Ponto de equilíbrio (breakeven),,NEGÓCIO & GTM,TRANSVERSAL,DOC-C05-001,"Busca literal por “break-even”, “breakeven” e “ponto de equilíbrio” em todos os 214 arquivos retorna um único hit: DOC-C04-001 (Cronograma.md), que é o cronograma do próprio formulário e apenas lista o nome do campo — “1.10 | Ponto de equilíbrio (breakeven) | formulário”. DOC-C07-009, o documento econômico mais avançado do corpus, cobre preço, CAC, LTV e PMF, mas não calcula breakeven, e classifica todo o bloco de unit economics como MODEL_HYPOTHESIS_NOT_OBSERVED. DOC-C05-001 discute margem, markup e capital de giro, mas nunca ponto de equilíbrio.",,alta,lacuna
EV-90e61f9516,formulario,dia1-2,1.11 Teto de gasto de infraestrutura,,NEGÓCIO & GTM,"ECO-01 (e ECO-02, site/CMS)",DOC-C04-002,"A infraestrutura está nomeada em vários documentos — DOC-C04-002 cita monorepo com bun, apps/app em Next.js, apps/mobile em Expo 57, Clerk, Sentry, Vercel Preview, “AWS/Aurora” e app local-first via localStorage; DOC-C02-017 cita “Vercel Payload Website Starter + Next.js + Payload CMS + PostgreSQL/Neon + Vercel Blob”, mais “Vercel Web Analytics + Speed Insights”. Nenhum desses documentos, nem DOC-C07-009, declara valor monetário de gasto de infraestrutura ou teto. Busca por “teto de gasto”, “custo de infra”, “orçamento de infra”, “free tier” e “plano gratuito” em todo o corpus não retorna ocorrências.",,alta,lacuna
EV-51cc07f648,formulario,dia1-2,1.11 Teto de gasto de infraestrutura,,NEGÓCIO & GTM,"ECO-01 (e ECO-02, site/CMS)",DOC-C02-017,"A infraestrutura está nomeada em vários documentos — DOC-C04-002 cita monorepo com bun, apps/app em Next.js, apps/mobile em Expo 57, Clerk, Sentry, Vercel Preview, “AWS/Aurora” e app local-first via localStorage; DOC-C02-017 cita “Vercel Payload Website Starter + Next.js + Payload CMS + PostgreSQL/Neon + Vercel Blob”, mais “Vercel Web Analytics + Speed Insights”. Nenhum desses documentos, nem DOC-C07-009, declara valor monetário de gasto de infraestrutura ou teto. Busca por “teto de gasto”, “custo de infra”, “orçamento de infra”, “free tier” e “plano gratuito” em todo o corpus não retorna ocorrências.",,alta,lacuna
EV-df8432de6e,formulario,dia1-2,1.11 Teto de gasto de infraestrutura,,NEGÓCIO & GTM,"ECO-01 (e ECO-02, site/CMS)",DOC-C07-009,"A infraestrutura está nomeada em vários documentos — DOC-C04-002 cita monorepo com bun, apps/app em Next.js, apps/mobile em Expo 57, Clerk, Sentry, Vercel Preview, “AWS/Aurora” e app local-first via localStorage; DOC-C02-017 cita “Vercel Payload Website Starter + Next.js + Payload CMS + PostgreSQL/Neon + Vercel Blob”, mais “Vercel Web Analytics + Speed Insights”. Nenhum desses documentos, nem DOC-C07-009, declara valor monetário de gasto de infraestrutura ou teto. Busca por “teto de gasto”, “custo de infra”, “orçamento de infra”, “free tier” e “plano gratuito” em todo o corpus não retorna ocorrências.",,alta,lacuna
EV-e59c8a6fce,formulario,dia1-2,1.12 Gatilhos de upgrade de infra,,NEGÓCIO & GTM,ECO-01,DOC-C04-002,"Não há gatilho de upgrade de infraestrutura em nenhum documento lido. O único enunciado adjacente é uma decisão de sequenciamento arquitetural, não um gatilho de escala: DOC-C04-002 registra “Integrar o núcleo ao Vercel AI SDK, MCP authority, Clerk e UnitOfWork local antes de Aurora” e “App é local-first: EstadoOperacional hidrata de localStorage via chaveOrganizacao + restaurarEstado, sincroniza com servidor só opcionalmente (remotePersistenceAvailable)”. DOC-C07-009 prevê coletar variable_ai_cost, mas não define limiar de disparo.",,media,lacuna
EV-157f820223,formulario,dia1-2,1.12 Gatilhos de upgrade de infra,,NEGÓCIO & GTM,ECO-01,DOC-C07-009,"Não há gatilho de upgrade de infraestrutura em nenhum documento lido. O único enunciado adjacente é uma decisão de sequenciamento arquitetural, não um gatilho de escala: DOC-C04-002 registra “Integrar o núcleo ao Vercel AI SDK, MCP authority, Clerk e UnitOfWork local antes de Aurora” e “App é local-first: EstadoOperacional hidrata de localStorage via chaveOrganizacao + restaurarEstado, sincroniza com servidor só opcionalmente (remotePersistenceAvailable)”. DOC-C07-009 prevê coletar variable_ai_cost, mas não define limiar de disparo.",,media,lacuna
EV-8f7150c43c,formulario,dia1-2,1.13 Análise competitiva,,NEGÓCIO & GTM,"TRANSVERSAL — forte em ECO-05, ECO-07 e ECO-03; fraco em ECO-01",DOC-C05-001,"DOC-C05-001 (Benchmark — e-books): “Há ofertas de TDAH por R$ 19,90, R$ 27, R$ 29,90 e R$ 37,90; um e-book comercial da Artmed de Barkley, muito mais extenso e editorialmente tradicional, está em R$ 97,28.” (Benchmark — curso): tabela com seis ofertas de R$89,90 a R$1.997. (Serviços): “a CCN mantém consultoria a R$300/h […]; a Produtive.Me cobra R$2.500 por um sprint de mapeamento de 15 dias e R$4.000 por 30 dias, sem implementação.” | DOC-C01-005: “O framework mais próximo, em termos de estrutura geral, é a ICF/CIF da OMS”; “Há também o WHODAS 2.0, da OMS”. | DOC-C02-031 (item 4, GUARDRAIL): “‘Não encontramos’ não significa ‘não existe’.” | DOC-C02-022 (RC-014): “A APM publicou em 26/08/2026 conteúdo dizendo que projetos também podem falhar cognitivamente.” | DOC-C07-009 (themes_qt): tema “Benchmark de apps concorrentes” com apenas 3 registros.",,alta,preenchido
EV-597a8c63f1,formulario,dia1-2,1.13 Análise competitiva,,NEGÓCIO & GTM,"TRANSVERSAL — forte em ECO-05, ECO-07 e ECO-03; fraco em ECO-01",DOC-C01-005,"DOC-C05-001 (Benchmark — e-books): “Há ofertas de TDAH por R$ 19,90, R$ 27, R$ 29,90 e R$ 37,90; um e-book comercial da Artmed de Barkley, muito mais extenso e editorialmente tradicional, está em R$ 97,28.” (Benchmark — curso): tabela com seis ofertas de R$89,90 a R$1.997. (Serviços): “a CCN mantém consultoria a R$300/h […]; a Produtive.Me cobra R$2.500 por um sprint de mapeamento de 15 dias e R$4.000 por 30 dias, sem implementação.” | DOC-C01-005: “O framework mais próximo, em termos de estrutura geral, é a ICF/CIF da OMS”; “Há também o WHODAS 2.0, da OMS”. | DOC-C02-031 (item 4, GUARDRAIL): “‘Não encontramos’ não significa ‘não existe’.” | DOC-C02-022 (RC-014): “A APM publicou em 26/08/2026 conteúdo dizendo que projetos também podem falhar cognitivamente.” | DOC-C07-009 (themes_qt): tema “Benchmark de apps concorrentes” com apenas 3 registros.",,alta,preenchido
EV-8c1c53ed40,formulario,dia1-2,1.13 Análise competitiva,,NEGÓCIO & GTM,"TRANSVERSAL — forte em ECO-05, ECO-07 e ECO-03; fraco em ECO-01",DOC-C02-031,"DOC-C05-001 (Benchmark — e-books): “Há ofertas de TDAH por R$ 19,90, R$ 27, R$ 29,90 e R$ 37,90; um e-book comercial da Artmed de Barkley, muito mais extenso e editorialmente tradicional, está em R$ 97,28.” (Benchmark — curso): tabela com seis ofertas de R$89,90 a R$1.997. (Serviços): “a CCN mantém consultoria a R$300/h […]; a Produtive.Me cobra R$2.500 por um sprint de mapeamento de 15 dias e R$4.000 por 30 dias, sem implementação.” | DOC-C01-005: “O framework mais próximo, em termos de estrutura geral, é a ICF/CIF da OMS”; “Há também o WHODAS 2.0, da OMS”. | DOC-C02-031 (item 4, GUARDRAIL): “‘Não encontramos’ não significa ‘não existe’.” | DOC-C02-022 (RC-014): “A APM publicou em 26/08/2026 conteúdo dizendo que projetos também podem falhar cognitivamente.” | DOC-C07-009 (themes_qt): tema “Benchmark de apps concorrentes” com apenas 3 registros.",,alta,preenchido
EV-cd777b07aa,formulario,dia1-2,1.13 Análise competitiva,,NEGÓCIO & GTM,"TRANSVERSAL — forte em ECO-05, ECO-07 e ECO-03; fraco em ECO-01",DOC-C02-022,"DOC-C05-001 (Benchmark — e-books): “Há ofertas de TDAH por R$ 19,90, R$ 27, R$ 29,90 e R$ 37,90; um e-book comercial da Artmed de Barkley, muito mais extenso e editorialmente tradicional, está em R$ 97,28.” (Benchmark — curso): tabela com seis ofertas de R$89,90 a R$1.997. (Serviços): “a CCN mantém consultoria a R$300/h […]; a Produtive.Me cobra R$2.500 por um sprint de mapeamento de 15 dias e R$4.000 por 30 dias, sem implementação.” | DOC-C01-005: “O framework mais próximo, em termos de estrutura geral, é a ICF/CIF da OMS”; “Há também o WHODAS 2.0, da OMS”. | DOC-C02-031 (item 4, GUARDRAIL): “‘Não encontramos’ não significa ‘não existe’.” | DOC-C02-022 (RC-014): “A APM publicou em 26/08/2026 conteúdo dizendo que projetos também podem falhar cognitivamente.” | DOC-C07-009 (themes_qt): tema “Benchmark de apps concorrentes” com apenas 3 registros.",,alta,preenchido
EV-c8ccb89b15,formulario,dia1-2,1.13 Análise competitiva,,NEGÓCIO & GTM,"TRANSVERSAL — forte em ECO-05, ECO-07 e ECO-03; fraco em ECO-01",DOC-C07-009,"DOC-C05-001 (Benchmark — e-books): “Há ofertas de TDAH por R$ 19,90, R$ 27, R$ 29,90 e R$ 37,90; um e-book comercial da Artmed de Barkley, muito mais extenso e editorialmente tradicional, está em R$ 97,28.” (Benchmark — curso): tabela com seis ofertas de R$89,90 a R$1.997. (Serviços): “a CCN mantém consultoria a R$300/h […]; a Produtive.Me cobra R$2.500 por um sprint de mapeamento de 15 dias e R$4.000 por 30 dias, sem implementação.” | DOC-C01-005: “O framework mais próximo, em termos de estrutura geral, é a ICF/CIF da OMS”; “Há também o WHODAS 2.0, da OMS”. | DOC-C02-031 (item 4, GUARDRAIL): “‘Não encontramos’ não significa ‘não existe’.” | DOC-C02-022 (RC-014): “A APM publicou em 26/08/2026 conteúdo dizendo que projetos também podem falhar cognitivamente.” | DOC-C07-009 (themes_qt): tema “Benchmark de apps concorrentes” com apenas 3 registros.",,alta,preenchido
EV-e88ab37029,formulario,dia1-2,1.14 Dados e warehouse,,NEGÓCIO & GTM,TRANSVERSAL,DOC-C07-007,"DOC-C07-007 (cabeçalho do JSON): “format: csv · file_name: base_evidencias_tdah_adulto_WAREHOUSE.csv · sha256: 57f2a1015cf04e67fba04178e038f8d31f617d6e0ec050711280c8b048cffdbf · size_bytes: 129719 · columns: 30 · row_count: 240”. | DOC-C07-009 (status): “canonical: Google Drive / Supabase-2026-TDHA · schema_version: DATA-SCHEMA-002 / base 1.1”; (Estado atual): “31 sources · 248 RAW · 116 knowledge · 161 evidence candidates · 0 strict verified · 22 decisões operacionais.” | DOC-C07-006: “estado_documental: existente + registrado + verificado; não preenchido; não aprovado como schema final”. | DOC-C02-017 (OBSERVABILIDADE): “Vercel Web Analytics + Speed Insights”; RC-054: “Inicialmente priorizar métricas agregadas, não identificação…”.",,alta,preenchido
EV-d5c7383a7f,formulario,dia1-2,1.14 Dados e warehouse,,NEGÓCIO & GTM,TRANSVERSAL,DOC-C07-009,"DOC-C07-007 (cabeçalho do JSON): “format: csv · file_name: base_evidencias_tdah_adulto_WAREHOUSE.csv · sha256: 57f2a1015cf04e67fba04178e038f8d31f617d6e0ec050711280c8b048cffdbf · size_bytes: 129719 · columns: 30 · row_count: 240”. | DOC-C07-009 (status): “canonical: Google Drive / Supabase-2026-TDHA · schema_version: DATA-SCHEMA-002 / base 1.1”; (Estado atual): “31 sources · 248 RAW · 116 knowledge · 161 evidence candidates · 0 strict verified · 22 decisões operacionais.” | DOC-C07-006: “estado_documental: existente + registrado + verificado; não preenchido; não aprovado como schema final”. | DOC-C02-017 (OBSERVABILIDADE): “Vercel Web Analytics + Speed Insights”; RC-054: “Inicialmente priorizar métricas agregadas, não identificação…”.",,alta,preenchido
EV-4b12f9be3c,formulario,dia1-2,1.14 Dados e warehouse,,NEGÓCIO & GTM,TRANSVERSAL,DOC-C07-005,"DOC-C07-007 (cabeçalho do JSON): “format: csv · file_name: base_evidencias_tdah_adulto_WAREHOUSE.csv · sha256: 57f2a1015cf04e67fba04178e038f8d31f617d6e0ec050711280c8b048cffdbf · size_bytes: 129719 · columns: 30 · row_count: 240”. | DOC-C07-009 (status): “canonical: Google Drive / Supabase-2026-TDHA · schema_version: DATA-SCHEMA-002 / base 1.1”; (Estado atual): “31 sources · 248 RAW · 116 knowledge · 161 evidence candidates · 0 strict verified · 22 decisões operacionais.” | DOC-C07-006: “estado_documental: existente + registrado + verificado; não preenchido; não aprovado como schema final”. | DOC-C02-017 (OBSERVABILIDADE): “Vercel Web Analytics + Speed Insights”; RC-054: “Inicialmente priorizar métricas agregadas, não identificação…”.",,alta,preenchido
EV-f9057c15b6,formulario,dia1-2,1.14 Dados e warehouse,,NEGÓCIO & GTM,TRANSVERSAL,DOC-C07-006,"DOC-C07-007 (cabeçalho do JSON): “format: csv · file_name: base_evidencias_tdah_adulto_WAREHOUSE.csv · sha256: 57f2a1015cf04e67fba04178e038f8d31f617d6e0ec050711280c8b048cffdbf · size_bytes: 129719 · columns: 30 · row_count: 240”. | DOC-C07-009 (status): “canonical: Google Drive / Supabase-2026-TDHA · schema_version: DATA-SCHEMA-002 / base 1.1”; (Estado atual): “31 sources · 248 RAW · 116 knowledge · 161 evidence candidates · 0 strict verified · 22 decisões operacionais.” | DOC-C07-006: “estado_documental: existente + registrado + verificado; não preenchido; não aprovado como schema final”. | DOC-C02-017 (OBSERVABILIDADE): “Vercel Web Analytics + Speed Insights”; RC-054: “Inicialmente priorizar métricas agregadas, não identificação…”.",,alta,preenchido
EV-5612312d73,formulario,dia1-2,1.14 Dados e warehouse,,NEGÓCIO & GTM,TRANSVERSAL,DOC-C02-017,"DOC-C07-007 (cabeçalho do JSON): “format: csv · file_name: base_evidencias_tdah_adulto_WAREHOUSE.csv · sha256: 57f2a1015cf04e67fba04178e038f8d31f617d6e0ec050711280c8b048cffdbf · size_bytes: 129719 · columns: 30 · row_count: 240”. | DOC-C07-009 (status): “canonical: Google Drive / Supabase-2026-TDHA · schema_version: DATA-SCHEMA-002 / base 1.1”; (Estado atual): “31 sources · 248 RAW · 116 knowledge · 161 evidence candidates · 0 strict verified · 22 decisões operacionais.” | DOC-C07-006: “estado_documental: existente + registrado + verificado; não preenchido; não aprovado como schema final”. | DOC-C02-017 (OBSERVABILIDADE): “Vercel Web Analytics + Speed Insights”; RC-054: “Inicialmente priorizar métricas agregadas, não identificação…”.",,alta,preenchido
EV-88ff43e7f4,formulario,dia1-2,1.15 Cadência financeira recorrente,,NEGÓCIO & GTM,TRANSVERSAL,DOC-C04-001,"Busca por “DRE”, “P&L”, “demonstrativo de resultado”, “variância”, “fluxo de caixa” e “MRR” em todo o corpus retorna apenas: DOC-C04-001 (Cronograma.md), que só lista o nome do campo “1.15 | Cadência financeira recorrente (P&L/variância) | 🔌 finance/financial-statements, variance-analysis”, e ocorrências em outro sentido (variância estatística, gates operacionais). Existe cadência OPERACIONAL detalhada — DOC-C06-001 define templates diário e semanal, WEEK-01/WEEK-02, gates G0–G9, DoD diário e somatório de horas por value stream — mas nenhuma cadência FINANCEIRA: não há fechamento mensal, revisão de receita e custo, nem análise de variância orçado × realizado.",,alta,lacuna
EV-a7b2b7275e,formulario,dia1-2,1.15 Cadência financeira recorrente,,NEGÓCIO & GTM,TRANSVERSAL,DOC-C06-001,"Busca por “DRE”, “P&L”, “demonstrativo de resultado”, “variância”, “fluxo de caixa” e “MRR” em todo o corpus retorna apenas: DOC-C04-001 (Cronograma.md), que só lista o nome do campo “1.15 | Cadência financeira recorrente (P&L/variância) | 🔌 finance/financial-statements, variance-analysis”, e ocorrências em outro sentido (variância estatística, gates operacionais). Existe cadência OPERACIONAL detalhada — DOC-C06-001 define templates diário e semanal, WEEK-01/WEEK-02, gates G0–G9, DoD diário e somatório de horas por value stream — mas nenhuma cadência FINANCEIRA: não há fechamento mensal, revisão de receita e custo, nem análise de variância orçado × realizado.",,alta,lacuna
EV-0adc6e89f0,formulario,dia1-2,1.15 Cadência financeira recorrente,,NEGÓCIO & GTM,TRANSVERSAL,DOC-C07-009,"Busca por “DRE”, “P&L”, “demonstrativo de resultado”, “variância”, “fluxo de caixa” e “MRR” em todo o corpus retorna apenas: DOC-C04-001 (Cronograma.md), que só lista o nome do campo “1.15 | Cadência financeira recorrente (P&L/variância) | 🔌 finance/financial-statements, variance-analysis”, e ocorrências em outro sentido (variância estatística, gates operacionais). Existe cadência OPERACIONAL detalhada — DOC-C06-001 define templates diário e semanal, WEEK-01/WEEK-02, gates G0–G9, DoD diário e somatório de horas por value stream — mas nenhuma cadência FINANCEIRA: não há fechamento mensal, revisão de receita e custo, nem análise de variância orçado × realizado.",,alta,lacuna
EV-02ec681279,formulario,dia1-2,1.15 Cadência financeira recorrente,,NEGÓCIO & GTM,TRANSVERSAL,DOC-C07-010,"Busca por “DRE”, “P&L”, “demonstrativo de resultado”, “variância”, “fluxo de caixa” e “MRR” em todo o corpus retorna apenas: DOC-C04-001 (Cronograma.md), que só lista o nome do campo “1.15 | Cadência financeira recorrente (P&L/variância) | 🔌 finance/financial-statements, variance-analysis”, e ocorrências em outro sentido (variância estatística, gates operacionais). Existe cadência OPERACIONAL detalhada — DOC-C06-001 define templates diário e semanal, WEEK-01/WEEK-02, gates G0–G9, DoD diário e somatório de horas por value stream — mas nenhuma cadência FINANCEIRA: não há fechamento mensal, revisão de receita e custo, nem análise de variância orçado × realizado.",,alta,lacuna
EV-5b3f6f0ab9,formulario,dia1-2,1.16 Pipeline e forecast de vendas,,NEGÓCIO & GTM,ECO-07 (pipeline definido); forecast ausente em todas as unidades,DOC-C05-001,DOC-C05-001 (Cadeia única de valor final): “Conteúdo ↓ problema reconhecido ↓ showroom demonstra solução concreta ↓ formulário visual de 5 min ↓ seleção de fit ↓ D1 · entender + cocriar […] ↓ caso + evidência ↓ novo projeto / indicação / expansão.” (Escada recomendada): “Piloto 01–03 · R$0; Founding 04–06 · R$700; Regular Workflow · desde R$1.490; Regular Automação/Agente · desde R$1.990; Regular App/Sistema · desde R$2.490.” | DOC-C09-006 (Modelo): “1 cliente por semana · 1 projeto · 1 entrega principal · 7 dias.” | DOC-C12-003: “10 · Faixa de investimento imaginada: Até R$1.500 · R$1.500–2.500 · R$2.500–5.000 · Ainda não sei.”,,media,parcial
EV-1e85c9a7c3,formulario,dia1-2,1.16 Pipeline e forecast de vendas,,NEGÓCIO & GTM,ECO-07 (pipeline definido); forecast ausente em todas as unidades,DOC-C12-003,DOC-C05-001 (Cadeia única de valor final): “Conteúdo ↓ problema reconhecido ↓ showroom demonstra solução concreta ↓ formulário visual de 5 min ↓ seleção de fit ↓ D1 · entender + cocriar […] ↓ caso + evidência ↓ novo projeto / indicação / expansão.” (Escada recomendada): “Piloto 01–03 · R$0; Founding 04–06 · R$700; Regular Workflow · desde R$1.490; Regular Automação/Agente · desde R$1.990; Regular App/Sistema · desde R$2.490.” | DOC-C09-006 (Modelo): “1 cliente por semana · 1 projeto · 1 entrega principal · 7 dias.” | DOC-C12-003: “10 · Faixa de investimento imaginada: Até R$1.500 · R$1.500–2.500 · R$2.500–5.000 · Ainda não sei.”,,media,parcial
EV-31c98998b7,formulario,dia1-2,1.16 Pipeline e forecast de vendas,,NEGÓCIO & GTM,ECO-07 (pipeline definido); forecast ausente em todas as unidades,DOC-C09-006,DOC-C05-001 (Cadeia única de valor final): “Conteúdo ↓ problema reconhecido ↓ showroom demonstra solução concreta ↓ formulário visual de 5 min ↓ seleção de fit ↓ D1 · entender + cocriar […] ↓ caso + evidência ↓ novo projeto / indicação / expansão.” (Escada recomendada): “Piloto 01–03 · R$0; Founding 04–06 · R$700; Regular Workflow · desde R$1.490; Regular Automação/Agente · desde R$1.990; Regular App/Sistema · desde R$2.490.” | DOC-C09-006 (Modelo): “1 cliente por semana · 1 projeto · 1 entrega principal · 7 dias.” | DOC-C12-003: “10 · Faixa de investimento imaginada: Até R$1.500 · R$1.500–2.500 · R$2.500–5.000 · Ainda não sei.”,,media,parcial
EV-a2cdbcfeaf,formulario,dia1-2,1.16 Pipeline e forecast de vendas,,NEGÓCIO & GTM,ECO-07 (pipeline definido); forecast ausente em todas as unidades,DOC-C11-010,DOC-C05-001 (Cadeia única de valor final): “Conteúdo ↓ problema reconhecido ↓ showroom demonstra solução concreta ↓ formulário visual de 5 min ↓ seleção de fit ↓ D1 · entender + cocriar […] ↓ caso + evidência ↓ novo projeto / indicação / expansão.” (Escada recomendada): “Piloto 01–03 · R$0; Founding 04–06 · R$700; Regular Workflow · desde R$1.490; Regular Automação/Agente · desde R$1.990; Regular App/Sistema · desde R$2.490.” | DOC-C09-006 (Modelo): “1 cliente por semana · 1 projeto · 1 entrega principal · 7 dias.” | DOC-C12-003: “10 · Faixa de investimento imaginada: Até R$1.500 · R$1.500–2.500 · R$2.500–5.000 · Ainda não sei.”,,media,parcial
EV-6fec2fc89e,formulario,dia1-2,2.1 Nome do produto/feature,,PRODUTO,TRANSVERSAL — nomes distintos por unidade,DOC-C05-001,"DOC-C05-001: “Feature 01 — Agente 007 / Autogestão adaptativa”, “Feature 02 — Scanner / QR / Atalhos”, “Feature 03 — Mapa-OS / Analógico / Prisma”; Master Index dos infoprodutos I0–I4; Master Index — Produtos Físicos P0–P4. | DOC-C04-002: “PR #77 — feat(design-system): identidade única de tokens exec.*”; rotas “apps/app/app/(authenticated)/scanner/” e “/mapa-os?format=prisma (padrão, A4 retrato) e /mapa-os?format=tripe (A4 paisagem)”. | DOC-C01-006: “Risco Cognitivo → é a marca editorial; riscocognitivo.org → é a publicação/site; @riscocognitivo → são os canais da publicação.” | DOC-C02-016: “TÍTULO: Cognitive Execution Risk Management — v0.1”, com guardrail “Não reivindicar criação de ‘Cognitive Risk Management’”.",,alta,preenchido
EV-c95501bc83,formulario,dia1-2,2.1 Nome do produto/feature,,PRODUTO,TRANSVERSAL — nomes distintos por unidade,DOC-C04-002,"DOC-C05-001: “Feature 01 — Agente 007 / Autogestão adaptativa”, “Feature 02 — Scanner / QR / Atalhos”, “Feature 03 — Mapa-OS / Analógico / Prisma”; Master Index dos infoprodutos I0–I4; Master Index — Produtos Físicos P0–P4. | DOC-C04-002: “PR #77 — feat(design-system): identidade única de tokens exec.*”; rotas “apps/app/app/(authenticated)/scanner/” e “/mapa-os?format=prisma (padrão, A4 retrato) e /mapa-os?format=tripe (A4 paisagem)”. | DOC-C01-006: “Risco Cognitivo → é a marca editorial; riscocognitivo.org → é a publicação/site; @riscocognitivo → são os canais da publicação.” | DOC-C02-016: “TÍTULO: Cognitive Execution Risk Management — v0.1”, com guardrail “Não reivindicar criação de ‘Cognitive Risk Management’”.",,alta,preenchido
EV-e8e053720b,formulario,dia1-2,2.1 Nome do produto/feature,,PRODUTO,TRANSVERSAL — nomes distintos por unidade,DOC-C09-004,"DOC-C05-001: “Feature 01 — Agente 007 / Autogestão adaptativa”, “Feature 02 — Scanner / QR / Atalhos”, “Feature 03 — Mapa-OS / Analógico / Prisma”; Master Index dos infoprodutos I0–I4; Master Index — Produtos Físicos P0–P4. | DOC-C04-002: “PR #77 — feat(design-system): identidade única de tokens exec.*”; rotas “apps/app/app/(authenticated)/scanner/” e “/mapa-os?format=prisma (padrão, A4 retrato) e /mapa-os?format=tripe (A4 paisagem)”. | DOC-C01-006: “Risco Cognitivo → é a marca editorial; riscocognitivo.org → é a publicação/site; @riscocognitivo → são os canais da publicação.” | DOC-C02-016: “TÍTULO: Cognitive Execution Risk Management — v0.1”, com guardrail “Não reivindicar criação de ‘Cognitive Risk Management’”.",,alta,preenchido
EV-4c17233582,formulario,dia1-2,2.1 Nome do produto/feature,,PRODUTO,TRANSVERSAL — nomes distintos por unidade,DOC-C09-011,"DOC-C05-001: “Feature 01 — Agente 007 / Autogestão adaptativa”, “Feature 02 — Scanner / QR / Atalhos”, “Feature 03 — Mapa-OS / Analógico / Prisma”; Master Index dos infoprodutos I0–I4; Master Index — Produtos Físicos P0–P4. | DOC-C04-002: “PR #77 — feat(design-system): identidade única de tokens exec.*”; rotas “apps/app/app/(authenticated)/scanner/” e “/mapa-os?format=prisma (padrão, A4 retrato) e /mapa-os?format=tripe (A4 paisagem)”. | DOC-C01-006: “Risco Cognitivo → é a marca editorial; riscocognitivo.org → é a publicação/site; @riscocognitivo → são os canais da publicação.” | DOC-C02-016: “TÍTULO: Cognitive Execution Risk Management — v0.1”, com guardrail “Não reivindicar criação de ‘Cognitive Risk Management’”.",,alta,preenchido
EV-ab51995a06,formulario,dia1-2,2.1 Nome do produto/feature,,PRODUTO,TRANSVERSAL — nomes distintos por unidade,DOC-C09-013,"DOC-C05-001: “Feature 01 — Agente 007 / Autogestão adaptativa”, “Feature 02 — Scanner / QR / Atalhos”, “Feature 03 — Mapa-OS / Analógico / Prisma”; Master Index dos infoprodutos I0–I4; Master Index — Produtos Físicos P0–P4. | DOC-C04-002: “PR #77 — feat(design-system): identidade única de tokens exec.*”; rotas “apps/app/app/(authenticated)/scanner/” e “/mapa-os?format=prisma (padrão, A4 retrato) e /mapa-os?format=tripe (A4 paisagem)”. | DOC-C01-006: “Risco Cognitivo → é a marca editorial; riscocognitivo.org → é a publicação/site; @riscocognitivo → são os canais da publicação.” | DOC-C02-016: “TÍTULO: Cognitive Execution Risk Management — v0.1”, com guardrail “Não reivindicar criação de ‘Cognitive Risk Management’”.",,alta,preenchido
EV-d4f443008f,formulario,dia1-2,2.1 Nome do produto/feature,,PRODUTO,TRANSVERSAL — nomes distintos por unidade,DOC-C09-008,"DOC-C05-001: “Feature 01 — Agente 007 / Autogestão adaptativa”, “Feature 02 — Scanner / QR / Atalhos”, “Feature 03 — Mapa-OS / Analógico / Prisma”; Master Index dos infoprodutos I0–I4; Master Index — Produtos Físicos P0–P4. | DOC-C04-002: “PR #77 — feat(design-system): identidade única de tokens exec.*”; rotas “apps/app/app/(authenticated)/scanner/” e “/mapa-os?format=prisma (padrão, A4 retrato) e /mapa-os?format=tripe (A4 paisagem)”. | DOC-C01-006: “Risco Cognitivo → é a marca editorial; riscocognitivo.org → é a publicação/site; @riscocognitivo → são os canais da publicação.” | DOC-C02-016: “TÍTULO: Cognitive Execution Risk Management — v0.1”, com guardrail “Não reivindicar criação de ‘Cognitive Risk Management’”.",,alta,preenchido
EV-4ceeec2e1a,formulario,dia1-2,2.1 Nome do produto/feature,,PRODUTO,TRANSVERSAL — nomes distintos por unidade,DOC-C01-006,"DOC-C05-001: “Feature 01 — Agente 007 / Autogestão adaptativa”, “Feature 02 — Scanner / QR / Atalhos”, “Feature 03 — Mapa-OS / Analógico / Prisma”; Master Index dos infoprodutos I0–I4; Master Index — Produtos Físicos P0–P4. | DOC-C04-002: “PR #77 — feat(design-system): identidade única de tokens exec.*”; rotas “apps/app/app/(authenticated)/scanner/” e “/mapa-os?format=prisma (padrão, A4 retrato) e /mapa-os?format=tripe (A4 paisagem)”. | DOC-C01-006: “Risco Cognitivo → é a marca editorial; riscocognitivo.org → é a publicação/site; @riscocognitivo → são os canais da publicação.” | DOC-C02-016: “TÍTULO: Cognitive Execution Risk Management — v0.1”, com guardrail “Não reivindicar criação de ‘Cognitive Risk Management’”.",,alta,preenchido
EV-0559824216,formulario,dia1-2,2.1 Nome do produto/feature,,PRODUTO,TRANSVERSAL — nomes distintos por unidade,DOC-C02-016,"DOC-C05-001: “Feature 01 — Agente 007 / Autogestão adaptativa”, “Feature 02 — Scanner / QR / Atalhos”, “Feature 03 — Mapa-OS / Analógico / Prisma”; Master Index dos infoprodutos I0–I4; Master Index — Produtos Físicos P0–P4. | DOC-C04-002: “PR #77 — feat(design-system): identidade única de tokens exec.*”; rotas “apps/app/app/(authenticated)/scanner/” e “/mapa-os?format=prisma (padrão, A4 retrato) e /mapa-os?format=tripe (A4 paisagem)”. | DOC-C01-006: “Risco Cognitivo → é a marca editorial; riscocognitivo.org → é a publicação/site; @riscocognitivo → são os canais da publicação.” | DOC-C02-016: “TÍTULO: Cognitive Execution Risk Management — v0.1”, com guardrail “Não reivindicar criação de ‘Cognitive Risk Management’”.",,alta,preenchido
EV-91303e3caa,formulario,dia1-2,2.2 Contexto do PRD,,PRODUTO,ECO-01,DOC-C07-010,"DOC-C07-010: “ID DATA-ADHD-PM-001 · Tipo Pesquisa — Matriz de evidências e implicações de produto · Owner Não determinado · Versão 1.0 · Data 19/08/2026”; “Next 01 Transformar a matriz abaixo em requisitos funcionais e princípios de design verificáveis.” | DOC-C04-002: “Câmera compacta por padrão (PRD-006/UX-004: velocidade de captura antes de prévia grande)” e “Offline (OQ-008 do FRD original do Scanner) segue fora de escopo, nunca implementado.”",,media,parcial
EV-7de40b6ff7,formulario,dia1-2,2.2 Contexto do PRD,,PRODUTO,ECO-01,DOC-C07-009,"DOC-C07-010: “ID DATA-ADHD-PM-001 · Tipo Pesquisa — Matriz de evidências e implicações de produto · Owner Não determinado · Versão 1.0 · Data 19/08/2026”; “Next 01 Transformar a matriz abaixo em requisitos funcionais e princípios de design verificáveis.” | DOC-C04-002: “Câmera compacta por padrão (PRD-006/UX-004: velocidade de captura antes de prévia grande)” e “Offline (OQ-008 do FRD original do Scanner) segue fora de escopo, nunca implementado.”",,media,parcial
EV-3759125879,formulario,dia1-2,2.2 Contexto do PRD,,PRODUTO,ECO-01,DOC-C04-002,"DOC-C07-010: “ID DATA-ADHD-PM-001 · Tipo Pesquisa — Matriz de evidências e implicações de produto · Owner Não determinado · Versão 1.0 · Data 19/08/2026”; “Next 01 Transformar a matriz abaixo em requisitos funcionais e princípios de design verificáveis.” | DOC-C04-002: “Câmera compacta por padrão (PRD-006/UX-004: velocidade de captura antes de prévia grande)” e “Offline (OQ-008 do FRD original do Scanner) segue fora de escopo, nunca implementado.”",,media,parcial
EV-ced0c464e7,formulario,dia1-2,2.2 Contexto do PRD,,PRODUTO,ECO-01,DOC-C07-002,"DOC-C07-010: “ID DATA-ADHD-PM-001 · Tipo Pesquisa — Matriz de evidências e implicações de produto · Owner Não determinado · Versão 1.0 · Data 19/08/2026”; “Next 01 Transformar a matriz abaixo em requisitos funcionais e princípios de design verificáveis.” | DOC-C04-002: “Câmera compacta por padrão (PRD-006/UX-004: velocidade de captura antes de prévia grande)” e “Offline (OQ-008 do FRD original do Scanner) segue fora de escopo, nunca implementado.”",,media,parcial
EV-0a1f459ca2,formulario,dia1-2,2.3 Objetivos (goals),,PRODUTO,TRANSVERSAL — objetivos distintos por unidade,DOC-C07-002,"DOC-C07-002 (Tese operacional): “transferir carga executiva evitável do operador para o sistema, preservando decisão e autonomia do usuário.” | DOC-C02-016 (PROPOSIÇÃO): “Investigar riscos cognitivos endógenos como vulnerabilidades capazes de aumentar a probabilidade de desvio entre intenção e execução”; COMPONENTES PROVISÓRIOS 1–5. | DOC-C02-014 (OBJETIVO): “Publicar o artigo fundador e iniciar a campanha inaugural de 14 dias sem transformar a campanha em lançamento de produto.” | DOC-C06-001: “recomendação: 60h comprometidas + 12h de reserva (83% da capacidade)”. | DOC-C09-013: “4 módulos: Entender → Estruturar → Executar → Evoluir.”",,alta,preenchido
EV-d41cb56318,formulario,dia1-2,2.3 Objetivos (goals),,PRODUTO,TRANSVERSAL — objetivos distintos por unidade,DOC-C02-016,"DOC-C07-002 (Tese operacional): “transferir carga executiva evitável do operador para o sistema, preservando decisão e autonomia do usuário.” | DOC-C02-016 (PROPOSIÇÃO): “Investigar riscos cognitivos endógenos como vulnerabilidades capazes de aumentar a probabilidade de desvio entre intenção e execução”; COMPONENTES PROVISÓRIOS 1–5. | DOC-C02-014 (OBJETIVO): “Publicar o artigo fundador e iniciar a campanha inaugural de 14 dias sem transformar a campanha em lançamento de produto.” | DOC-C06-001: “recomendação: 60h comprometidas + 12h de reserva (83% da capacidade)”. | DOC-C09-013: “4 módulos: Entender → Estruturar → Executar → Evoluir.”",,alta,preenchido
EV-e3e96d8028,formulario,dia1-2,2.3 Objetivos (goals),,PRODUTO,TRANSVERSAL — objetivos distintos por unidade,DOC-C02-014,"DOC-C07-002 (Tese operacional): “transferir carga executiva evitável do operador para o sistema, preservando decisão e autonomia do usuário.” | DOC-C02-016 (PROPOSIÇÃO): “Investigar riscos cognitivos endógenos como vulnerabilidades capazes de aumentar a probabilidade de desvio entre intenção e execução”; COMPONENTES PROVISÓRIOS 1–5. | DOC-C02-014 (OBJETIVO): “Publicar o artigo fundador e iniciar a campanha inaugural de 14 dias sem transformar a campanha em lançamento de produto.” | DOC-C06-001: “recomendação: 60h comprometidas + 12h de reserva (83% da capacidade)”. | DOC-C09-013: “4 módulos: Entender → Estruturar → Executar → Evoluir.”",,alta,preenchido
EV-b26fb246a2,formulario,dia1-2,2.3 Objetivos (goals),,PRODUTO,TRANSVERSAL — objetivos distintos por unidade,DOC-C06-001,"DOC-C07-002 (Tese operacional): “transferir carga executiva evitável do operador para o sistema, preservando decisão e autonomia do usuário.” | DOC-C02-016 (PROPOSIÇÃO): “Investigar riscos cognitivos endógenos como vulnerabilidades capazes de aumentar a probabilidade de desvio entre intenção e execução”; COMPONENTES PROVISÓRIOS 1–5. | DOC-C02-014 (OBJETIVO): “Publicar o artigo fundador e iniciar a campanha inaugural de 14 dias sem transformar a campanha em lançamento de produto.” | DOC-C06-001: “recomendação: 60h comprometidas + 12h de reserva (83% da capacidade)”. | DOC-C09-013: “4 módulos: Entender → Estruturar → Executar → Evoluir.”",,alta,preenchido
EV-c0794141d5,formulario,dia1-2,2.3 Objetivos (goals),,PRODUTO,TRANSVERSAL — objetivos distintos por unidade,DOC-C09-013,"DOC-C07-002 (Tese operacional): “transferir carga executiva evitável do operador para o sistema, preservando decisão e autonomia do usuário.” | DOC-C02-016 (PROPOSIÇÃO): “Investigar riscos cognitivos endógenos como vulnerabilidades capazes de aumentar a probabilidade de desvio entre intenção e execução”; COMPONENTES PROVISÓRIOS 1–5. | DOC-C02-014 (OBJETIVO): “Publicar o artigo fundador e iniciar a campanha inaugural de 14 dias sem transformar a campanha em lançamento de produto.” | DOC-C06-001: “recomendação: 60h comprometidas + 12h de reserva (83% da capacidade)”. | DOC-C09-013: “4 módulos: Entender → Estruturar → Executar → Evoluir.”",,alta,preenchido
EV-b655fc9f07,formulario,dia1-2,2.3 Objetivos (goals),,PRODUTO,TRANSVERSAL — objetivos distintos por unidade,DOC-C02-017,"DOC-C07-002 (Tese operacional): “transferir carga executiva evitável do operador para o sistema, preservando decisão e autonomia do usuário.” | DOC-C02-016 (PROPOSIÇÃO): “Investigar riscos cognitivos endógenos como vulnerabilidades capazes de aumentar a probabilidade de desvio entre intenção e execução”; COMPONENTES PROVISÓRIOS 1–5. | DOC-C02-014 (OBJETIVO): “Publicar o artigo fundador e iniciar a campanha inaugural de 14 dias sem transformar a campanha em lançamento de produto.” | DOC-C06-001: “recomendação: 60h comprometidas + 12h de reserva (83% da capacidade)”. | DOC-C09-013: “4 módulos: Entender → Estruturar → Executar → Evoluir.”",,alta,preenchido
EV-5767737136,formulario,dia1-2,2.4 Não-objetivos (non-goals),,PRODUTO,TRANSVERSAL,DOC-C07-009,"DOC-C07-009 (PROD-14): “Bloquear usos do produto como diagnóstico, substituição profissional ou inferência clínica a partir de desempenho em tarefas”; (claims_policy.prohibited_now): lista literal dos seis claims. | DOC-C04-002 (item 4e): “Offline (OQ-008 do FRD original do Scanner) segue fora de escopo, nunca implementado.”; e “Duas explorações de design JÁ REGISTRADAS no ecossistema e DELIBERADAMENTE NÃO ADOTADAS aqui”. | DOC-C02-043: “O artigo não termina vendendo EXECUTAR.” | DOC-C02-016 (GUARDRAIL): “Não reivindicar criação de ‘Cognitive Risk Management’.” | DOC-C09-008 (Regra): “Não imobilizar estoque relevante antes de validar intenção.” | DOC-C06-001 (07/09): “Não é: Editar landing · Terminar vídeo · Produzir post · Cadastrar produto. Se isso estiver acontecendo em 07/09, o Freeze falhou.”",,alta,preenchido
EV-d573925ff2,formulario,dia1-2,2.4 Não-objetivos (non-goals),,PRODUTO,TRANSVERSAL,DOC-C04-002,"DOC-C07-009 (PROD-14): “Bloquear usos do produto como diagnóstico, substituição profissional ou inferência clínica a partir de desempenho em tarefas”; (claims_policy.prohibited_now): lista literal dos seis claims. | DOC-C04-002 (item 4e): “Offline (OQ-008 do FRD original do Scanner) segue fora de escopo, nunca implementado.”; e “Duas explorações de design JÁ REGISTRADAS no ecossistema e DELIBERADAMENTE NÃO ADOTADAS aqui”. | DOC-C02-043: “O artigo não termina vendendo EXECUTAR.” | DOC-C02-016 (GUARDRAIL): “Não reivindicar criação de ‘Cognitive Risk Management’.” | DOC-C09-008 (Regra): “Não imobilizar estoque relevante antes de validar intenção.” | DOC-C06-001 (07/09): “Não é: Editar landing · Terminar vídeo · Produzir post · Cadastrar produto. Se isso estiver acontecendo em 07/09, o Freeze falhou.”",,alta,preenchido
EV-36e07d8c0c,formulario,dia1-2,2.4 Não-objetivos (non-goals),,PRODUTO,TRANSVERSAL,DOC-C02-043,"DOC-C07-009 (PROD-14): “Bloquear usos do produto como diagnóstico, substituição profissional ou inferência clínica a partir de desempenho em tarefas”; (claims_policy.prohibited_now): lista literal dos seis claims. | DOC-C04-002 (item 4e): “Offline (OQ-008 do FRD original do Scanner) segue fora de escopo, nunca implementado.”; e “Duas explorações de design JÁ REGISTRADAS no ecossistema e DELIBERADAMENTE NÃO ADOTADAS aqui”. | DOC-C02-043: “O artigo não termina vendendo EXECUTAR.” | DOC-C02-016 (GUARDRAIL): “Não reivindicar criação de ‘Cognitive Risk Management’.” | DOC-C09-008 (Regra): “Não imobilizar estoque relevante antes de validar intenção.” | DOC-C06-001 (07/09): “Não é: Editar landing · Terminar vídeo · Produzir post · Cadastrar produto. Se isso estiver acontecendo em 07/09, o Freeze falhou.”",,alta,preenchido
EV-c42e2133bb,formulario,dia1-2,2.4 Não-objetivos (non-goals),,PRODUTO,TRANSVERSAL,DOC-C02-014,"DOC-C07-009 (PROD-14): “Bloquear usos do produto como diagnóstico, substituição profissional ou inferência clínica a partir de desempenho em tarefas”; (claims_policy.prohibited_now): lista literal dos seis claims. | DOC-C04-002 (item 4e): “Offline (OQ-008 do FRD original do Scanner) segue fora de escopo, nunca implementado.”; e “Duas explorações de design JÁ REGISTRADAS no ecossistema e DELIBERADAMENTE NÃO ADOTADAS aqui”. | DOC-C02-043: “O artigo não termina vendendo EXECUTAR.” | DOC-C02-016 (GUARDRAIL): “Não reivindicar criação de ‘Cognitive Risk Management’.” | DOC-C09-008 (Regra): “Não imobilizar estoque relevante antes de validar intenção.” | DOC-C06-001 (07/09): “Não é: Editar landing · Terminar vídeo · Produzir post · Cadastrar produto. Se isso estiver acontecendo em 07/09, o Freeze falhou.”",,alta,preenchido
EV-e862e36094,formulario,dia1-2,2.4 Não-objetivos (non-goals),,PRODUTO,TRANSVERSAL,DOC-C02-016,"DOC-C07-009 (PROD-14): “Bloquear usos do produto como diagnóstico, substituição profissional ou inferência clínica a partir de desempenho em tarefas”; (claims_policy.prohibited_now): lista literal dos seis claims. | DOC-C04-002 (item 4e): “Offline (OQ-008 do FRD original do Scanner) segue fora de escopo, nunca implementado.”; e “Duas explorações de design JÁ REGISTRADAS no ecossistema e DELIBERADAMENTE NÃO ADOTADAS aqui”. | DOC-C02-043: “O artigo não termina vendendo EXECUTAR.” | DOC-C02-016 (GUARDRAIL): “Não reivindicar criação de ‘Cognitive Risk Management’.” | DOC-C09-008 (Regra): “Não imobilizar estoque relevante antes de validar intenção.” | DOC-C06-001 (07/09): “Não é: Editar landing · Terminar vídeo · Produzir post · Cadastrar produto. Se isso estiver acontecendo em 07/09, o Freeze falhou.”",,alta,preenchido
EV-e3ca04681a,formulario,dia1-2,2.4 Não-objetivos (non-goals),,PRODUTO,TRANSVERSAL,DOC-C09-008,"DOC-C07-009 (PROD-14): “Bloquear usos do produto como diagnóstico, substituição profissional ou inferência clínica a partir de desempenho em tarefas”; (claims_policy.prohibited_now): lista literal dos seis claims. | DOC-C04-002 (item 4e): “Offline (OQ-008 do FRD original do Scanner) segue fora de escopo, nunca implementado.”; e “Duas explorações de design JÁ REGISTRADAS no ecossistema e DELIBERADAMENTE NÃO ADOTADAS aqui”. | DOC-C02-043: “O artigo não termina vendendo EXECUTAR.” | DOC-C02-016 (GUARDRAIL): “Não reivindicar criação de ‘Cognitive Risk Management’.” | DOC-C09-008 (Regra): “Não imobilizar estoque relevante antes de validar intenção.” | DOC-C06-001 (07/09): “Não é: Editar landing · Terminar vídeo · Produzir post · Cadastrar produto. Se isso estiver acontecendo em 07/09, o Freeze falhou.”",,alta,preenchido
EV-43d842d94b,formulario,dia1-2,2.4 Não-objetivos (non-goals),,PRODUTO,TRANSVERSAL,DOC-C05-001,"DOC-C07-009 (PROD-14): “Bloquear usos do produto como diagnóstico, substituição profissional ou inferência clínica a partir de desempenho em tarefas”; (claims_policy.prohibited_now): lista literal dos seis claims. | DOC-C04-002 (item 4e): “Offline (OQ-008 do FRD original do Scanner) segue fora de escopo, nunca implementado.”; e “Duas explorações de design JÁ REGISTRADAS no ecossistema e DELIBERADAMENTE NÃO ADOTADAS aqui”. | DOC-C02-043: “O artigo não termina vendendo EXECUTAR.” | DOC-C02-016 (GUARDRAIL): “Não reivindicar criação de ‘Cognitive Risk Management’.” | DOC-C09-008 (Regra): “Não imobilizar estoque relevante antes de validar intenção.” | DOC-C06-001 (07/09): “Não é: Editar landing · Terminar vídeo · Produzir post · Cadastrar produto. Se isso estiver acontecendo em 07/09, o Freeze falhou.”",,alta,preenchido
EV-d0b466d8e6,formulario,dia1-2,2.4 Não-objetivos (non-goals),,PRODUTO,TRANSVERSAL,DOC-C06-001,"DOC-C07-009 (PROD-14): “Bloquear usos do produto como diagnóstico, substituição profissional ou inferência clínica a partir de desempenho em tarefas”; (claims_policy.prohibited_now): lista literal dos seis claims. | DOC-C04-002 (item 4e): “Offline (OQ-008 do FRD original do Scanner) segue fora de escopo, nunca implementado.”; e “Duas explorações de design JÁ REGISTRADAS no ecossistema e DELIBERADAMENTE NÃO ADOTADAS aqui”. | DOC-C02-043: “O artigo não termina vendendo EXECUTAR.” | DOC-C02-016 (GUARDRAIL): “Não reivindicar criação de ‘Cognitive Risk Management’.” | DOC-C09-008 (Regra): “Não imobilizar estoque relevante antes de validar intenção.” | DOC-C06-001 (07/09): “Não é: Editar landing · Terminar vídeo · Produzir post · Cadastrar produto. Se isso estiver acontecendo em 07/09, o Freeze falhou.”",,alta,preenchido
EV-231428ed18,formulario,dia1-2,2.5 Requisitos funcionais (FRD),,PRODUTO,ECO-01,DOC-C04-002,"DOC-C04-002: “idempotencyKeyScanner(organizationId, acao, alvo, nowMs) → bucket de 10s, evita duplo-scan acidental”; “Undo: janela de 8s, restaura o EstadoOperacional anterior via o mesmo endpoint de salvar estado com expectedRevision”; “concluirPorGestoHumano(tasks, state, taskId, nota) — Ignora TODAS as flags de PoliticaConclusao […] Reservado DELIBERADAMENTE só para gesto humano direto”. | DOC-C05-001 (item 16 Componentes sistêmicos): lista literal dos onze componentes. | DOC-C07-009 (PROD-09): “A interface deve tornar explícita uma única próxima ação principal e esconder complexidade secundária até ser necessária.”",,alta,preenchido
EV-ae213cce24,formulario,dia1-2,2.5 Requisitos funcionais (FRD),,PRODUTO,ECO-01,DOC-C05-001,"DOC-C04-002: “idempotencyKeyScanner(organizationId, acao, alvo, nowMs) → bucket de 10s, evita duplo-scan acidental”; “Undo: janela de 8s, restaura o EstadoOperacional anterior via o mesmo endpoint de salvar estado com expectedRevision”; “concluirPorGestoHumano(tasks, state, taskId, nota) — Ignora TODAS as flags de PoliticaConclusao […] Reservado DELIBERADAMENTE só para gesto humano direto”. | DOC-C05-001 (item 16 Componentes sistêmicos): lista literal dos onze componentes. | DOC-C07-009 (PROD-09): “A interface deve tornar explícita uma única próxima ação principal e esconder complexidade secundária até ser necessária.”",,alta,preenchido
EV-f3714881c8,formulario,dia1-2,2.5 Requisitos funcionais (FRD),,PRODUTO,ECO-01,DOC-C07-009,"DOC-C04-002: “idempotencyKeyScanner(organizationId, acao, alvo, nowMs) → bucket de 10s, evita duplo-scan acidental”; “Undo: janela de 8s, restaura o EstadoOperacional anterior via o mesmo endpoint de salvar estado com expectedRevision”; “concluirPorGestoHumano(tasks, state, taskId, nota) — Ignora TODAS as flags de PoliticaConclusao […] Reservado DELIBERADAMENTE só para gesto humano direto”. | DOC-C05-001 (item 16 Componentes sistêmicos): lista literal dos onze componentes. | DOC-C07-009 (PROD-09): “A interface deve tornar explícita uma única próxima ação principal e esconder complexidade secundária até ser necessária.”",,alta,preenchido
EV-019695f880,formulario,dia1-2,2.5 Requisitos funcionais (FRD),,PRODUTO,ECO-01,DOC-C11-006,"DOC-C04-002: “idempotencyKeyScanner(organizationId, acao, alvo, nowMs) → bucket de 10s, evita duplo-scan acidental”; “Undo: janela de 8s, restaura o EstadoOperacional anterior via o mesmo endpoint de salvar estado com expectedRevision”; “concluirPorGestoHumano(tasks, state, taskId, nota) — Ignora TODAS as flags de PoliticaConclusao […] Reservado DELIBERADAMENTE só para gesto humano direto”. | DOC-C05-001 (item 16 Componentes sistêmicos): lista literal dos onze componentes. | DOC-C07-009 (PROD-09): “A interface deve tornar explícita uma única próxima ação principal e esconder complexidade secundária até ser necessária.”",,alta,preenchido
EV-da3695efcf,formulario,dia1-2,2.5 Requisitos funcionais (FRD),,PRODUTO,ECO-01,DOC-C11-004,"DOC-C04-002: “idempotencyKeyScanner(organizationId, acao, alvo, nowMs) → bucket de 10s, evita duplo-scan acidental”; “Undo: janela de 8s, restaura o EstadoOperacional anterior via o mesmo endpoint de salvar estado com expectedRevision”; “concluirPorGestoHumano(tasks, state, taskId, nota) — Ignora TODAS as flags de PoliticaConclusao […] Reservado DELIBERADAMENTE só para gesto humano direto”. | DOC-C05-001 (item 16 Componentes sistêmicos): lista literal dos onze componentes. | DOC-C07-009 (PROD-09): “A interface deve tornar explícita uma única próxima ação principal e esconder complexidade secundária até ser necessária.”",,alta,preenchido
EV-22f1027de2,formulario,dia1-2,2.6 Critérios de aceite,,PRODUTO,TRANSVERSAL,DOC-C06-001,"DOC-C06-001: “Definition of Done editorial: texto aprovado + assets presentes + CTA funcional + brinde funcional + CMS carregado + SEO preenchido + links testados + publicação/agendamento confirmado + evidência registrada.” | DOC-C08-007: lista literal dos dez critérios de congelamento de 05/09. | DOC-C04-002: “bun run --filter=app test (vitest) → 51/51 passando”; “node --test tests/ondas/*.test.mjs (governança) → 347/347 passando”. | DOC-C02-017 (DEFINITION OF DONE): “Abrir /admin → criar artigo → […] → publicar, sem editar código.” | DOC-C07-002 (GP-10, decisão de produto): “DONE deve ser uma transição verificável, não uma sensação de conclusão.” | DOC-C10-010/018/026: “Concluído quando: A peça está publicada ou programada, com materiais, chamada, destino e evidência registrados.”",,alta,preenchido
EV-5db78f5a7e,formulario,dia1-2,2.6 Critérios de aceite,,PRODUTO,TRANSVERSAL,DOC-C08-007,"DOC-C06-001: “Definition of Done editorial: texto aprovado + assets presentes + CTA funcional + brinde funcional + CMS carregado + SEO preenchido + links testados + publicação/agendamento confirmado + evidência registrada.” | DOC-C08-007: lista literal dos dez critérios de congelamento de 05/09. | DOC-C04-002: “bun run --filter=app test (vitest) → 51/51 passando”; “node --test tests/ondas/*.test.mjs (governança) → 347/347 passando”. | DOC-C02-017 (DEFINITION OF DONE): “Abrir /admin → criar artigo → […] → publicar, sem editar código.” | DOC-C07-002 (GP-10, decisão de produto): “DONE deve ser uma transição verificável, não uma sensação de conclusão.” | DOC-C10-010/018/026: “Concluído quando: A peça está publicada ou programada, com materiais, chamada, destino e evidência registrados.”",,alta,preenchido
EV-e510ba9d9e,formulario,dia1-2,2.6 Critérios de aceite,,PRODUTO,TRANSVERSAL,DOC-C04-002,"DOC-C06-001: “Definition of Done editorial: texto aprovado + assets presentes + CTA funcional + brinde funcional + CMS carregado + SEO preenchido + links testados + publicação/agendamento confirmado + evidência registrada.” | DOC-C08-007: lista literal dos dez critérios de congelamento de 05/09. | DOC-C04-002: “bun run --filter=app test (vitest) → 51/51 passando”; “node --test tests/ondas/*.test.mjs (governança) → 347/347 passando”. | DOC-C02-017 (DEFINITION OF DONE): “Abrir /admin → criar artigo → […] → publicar, sem editar código.” | DOC-C07-002 (GP-10, decisão de produto): “DONE deve ser uma transição verificável, não uma sensação de conclusão.” | DOC-C10-010/018/026: “Concluído quando: A peça está publicada ou programada, com materiais, chamada, destino e evidência registrados.”",,alta,preenchido
EV-3a92ed7b27,formulario,dia1-2,2.6 Critérios de aceite,,PRODUTO,TRANSVERSAL,DOC-C02-017,"DOC-C06-001: “Definition of Done editorial: texto aprovado + assets presentes + CTA funcional + brinde funcional + CMS carregado + SEO preenchido + links testados + publicação/agendamento confirmado + evidência registrada.” | DOC-C08-007: lista literal dos dez critérios de congelamento de 05/09. | DOC-C04-002: “bun run --filter=app test (vitest) → 51/51 passando”; “node --test tests/ondas/*.test.mjs (governança) → 347/347 passando”. | DOC-C02-017 (DEFINITION OF DONE): “Abrir /admin → criar artigo → […] → publicar, sem editar código.” | DOC-C07-002 (GP-10, decisão de produto): “DONE deve ser uma transição verificável, não uma sensação de conclusão.” | DOC-C10-010/018/026: “Concluído quando: A peça está publicada ou programada, com materiais, chamada, destino e evidência registrados.”",,alta,preenchido
EV-298ca3739a,formulario,dia1-2,2.6 Critérios de aceite,,PRODUTO,TRANSVERSAL,DOC-C02-014,"DOC-C06-001: “Definition of Done editorial: texto aprovado + assets presentes + CTA funcional + brinde funcional + CMS carregado + SEO preenchido + links testados + publicação/agendamento confirmado + evidência registrada.” | DOC-C08-007: lista literal dos dez critérios de congelamento de 05/09. | DOC-C04-002: “bun run --filter=app test (vitest) → 51/51 passando”; “node --test tests/ondas/*.test.mjs (governança) → 347/347 passando”. | DOC-C02-017 (DEFINITION OF DONE): “Abrir /admin → criar artigo → […] → publicar, sem editar código.” | DOC-C07-002 (GP-10, decisão de produto): “DONE deve ser uma transição verificável, não uma sensação de conclusão.” | DOC-C10-010/018/026: “Concluído quando: A peça está publicada ou programada, com materiais, chamada, destino e evidência registrados.”",,alta,preenchido
EV-af6a17531b,formulario,dia1-2,2.6 Critérios de aceite,,PRODUTO,TRANSVERSAL,DOC-C07-002,"DOC-C06-001: “Definition of Done editorial: texto aprovado + assets presentes + CTA funcional + brinde funcional + CMS carregado + SEO preenchido + links testados + publicação/agendamento confirmado + evidência registrada.” | DOC-C08-007: lista literal dos dez critérios de congelamento de 05/09. | DOC-C04-002: “bun run --filter=app test (vitest) → 51/51 passando”; “node --test tests/ondas/*.test.mjs (governança) → 347/347 passando”. | DOC-C02-017 (DEFINITION OF DONE): “Abrir /admin → criar artigo → […] → publicar, sem editar código.” | DOC-C07-002 (GP-10, decisão de produto): “DONE deve ser uma transição verificável, não uma sensação de conclusão.” | DOC-C10-010/018/026: “Concluído quando: A peça está publicada ou programada, com materiais, chamada, destino e evidência registrados.”",,alta,preenchido
EV-ce0961acc6,formulario,dia1-2,2.6 Critérios de aceite,,PRODUTO,TRANSVERSAL,DOC-C10-010,"DOC-C06-001: “Definition of Done editorial: texto aprovado + assets presentes + CTA funcional + brinde funcional + CMS carregado + SEO preenchido + links testados + publicação/agendamento confirmado + evidência registrada.” | DOC-C08-007: lista literal dos dez critérios de congelamento de 05/09. | DOC-C04-002: “bun run --filter=app test (vitest) → 51/51 passando”; “node --test tests/ondas/*.test.mjs (governança) → 347/347 passando”. | DOC-C02-017 (DEFINITION OF DONE): “Abrir /admin → criar artigo → […] → publicar, sem editar código.” | DOC-C07-002 (GP-10, decisão de produto): “DONE deve ser uma transição verificável, não uma sensação de conclusão.” | DOC-C10-010/018/026: “Concluído quando: A peça está publicada ou programada, com materiais, chamada, destino e evidência registrados.”",,alta,preenchido
EV-062c444fbe,formulario,dia1-2,2.6 Critérios de aceite,,PRODUTO,TRANSVERSAL,DOC-C10-018,"DOC-C06-001: “Definition of Done editorial: texto aprovado + assets presentes + CTA funcional + brinde funcional + CMS carregado + SEO preenchido + links testados + publicação/agendamento confirmado + evidência registrada.” | DOC-C08-007: lista literal dos dez critérios de congelamento de 05/09. | DOC-C04-002: “bun run --filter=app test (vitest) → 51/51 passando”; “node --test tests/ondas/*.test.mjs (governança) → 347/347 passando”. | DOC-C02-017 (DEFINITION OF DONE): “Abrir /admin → criar artigo → […] → publicar, sem editar código.” | DOC-C07-002 (GP-10, decisão de produto): “DONE deve ser uma transição verificável, não uma sensação de conclusão.” | DOC-C10-010/018/026: “Concluído quando: A peça está publicada ou programada, com materiais, chamada, destino e evidência registrados.”",,alta,preenchido
EV-adc544ff6f,formulario,dia1-2,2.6 Critérios de aceite,,PRODUTO,TRANSVERSAL,DOC-C10-026,"DOC-C06-001: “Definition of Done editorial: texto aprovado + assets presentes + CTA funcional + brinde funcional + CMS carregado + SEO preenchido + links testados + publicação/agendamento confirmado + evidência registrada.” | DOC-C08-007: lista literal dos dez critérios de congelamento de 05/09. | DOC-C04-002: “bun run --filter=app test (vitest) → 51/51 passando”; “node --test tests/ondas/*.test.mjs (governança) → 347/347 passando”. | DOC-C02-017 (DEFINITION OF DONE): “Abrir /admin → criar artigo → […] → publicar, sem editar código.” | DOC-C07-002 (GP-10, decisão de produto): “DONE deve ser uma transição verificável, não uma sensação de conclusão.” | DOC-C10-010/018/026: “Concluído quando: A peça está publicada ou programada, com materiais, chamada, destino e evidência registrados.”",,alta,preenchido
EV-51ad725a1b,formulario,dia1-2,2.7 Persona principal,,PRODUTO,ECO-01 (com persona própria em ECO-07),DOC-C05-001,"DOC-C05-001 (Corpo, linha Público): texto integral da versão A, com a perspectiva do usuário “Quero começar o dia, semana, mês de trabalho executando as tarefas sem, ao mesmo tempo, me preocupar com a ordem e controle da progressão.” | DOC-C07-009 (ICP comercial a testar): texto integral da versão B, com “Decisão ICP-01: testar comportamento e problema primeiro; diagnóstico não define o ICP comercial inicial.” | DOC-C12-003: dez perguntas do formulário de entrada do Estúdio, que operacionalizam o perfil (como trabalha hoje, principal atrito, ferramentas atuais, dificuldade de retomada, relação com papel/físico).",,media,parcial
EV-adb04f6154,formulario,dia1-2,2.7 Persona principal,,PRODUTO,ECO-01 (com persona própria em ECO-07),DOC-C07-009,"DOC-C05-001 (Corpo, linha Público): texto integral da versão A, com a perspectiva do usuário “Quero começar o dia, semana, mês de trabalho executando as tarefas sem, ao mesmo tempo, me preocupar com a ordem e controle da progressão.” | DOC-C07-009 (ICP comercial a testar): texto integral da versão B, com “Decisão ICP-01: testar comportamento e problema primeiro; diagnóstico não define o ICP comercial inicial.” | DOC-C12-003: dez perguntas do formulário de entrada do Estúdio, que operacionalizam o perfil (como trabalha hoje, principal atrito, ferramentas atuais, dificuldade de retomada, relação com papel/físico).",,media,parcial
EV-29c0b78433,formulario,dia1-2,2.7 Persona principal,,PRODUTO,ECO-01 (com persona própria em ECO-07),DOC-C12-003,"DOC-C05-001 (Corpo, linha Público): texto integral da versão A, com a perspectiva do usuário “Quero começar o dia, semana, mês de trabalho executando as tarefas sem, ao mesmo tempo, me preocupar com a ordem e controle da progressão.” | DOC-C07-009 (ICP comercial a testar): texto integral da versão B, com “Decisão ICP-01: testar comportamento e problema primeiro; diagnóstico não define o ICP comercial inicial.” | DOC-C12-003: dez perguntas do formulário de entrada do Estúdio, que operacionalizam o perfil (como trabalha hoje, principal atrito, ferramentas atuais, dificuldade de retomada, relação com papel/físico).",,media,parcial
EV-8a6eee4b54,formulario,dia1-2,2.8 Jornada — Descoberta,,PRODUTO,ECO-02 e ECO-07 documentadas; ECO-01 sem jornada de descoberta própria,DOC-C05-001,"DOC-C05-001 (CTA por nível de consciência): “Baixa | não empurre Produto | CTA ideal Entenda o que está acontecendo”; “Alta intenção | não empurre Mais teoria | CTA Experimentar Executar / conhecer Studio.” | DOC-C05-001 (Showroom — regra geral): “Problema → entrada real → transformação → resultado → prova → CTA. Não faça vídeos ‘Veja meu agente incrível’.” | DOC-C02-043: “CTA inicial: ler, explorar, assinar e baixar o Mapa de Risco Cognitivo; o EXECUTAR fica para uma campanha posterior.” | DOC-C10-029: “asset → capa → landing → formulário → confirmação → entrega/download → CTA → tracking → evidence” (cadeia do brinde).",,media,parcial
EV-49581e8390,formulario,dia1-2,2.8 Jornada — Descoberta,,PRODUTO,ECO-02 e ECO-07 documentadas; ECO-01 sem jornada de descoberta própria,DOC-C02-043,"DOC-C05-001 (CTA por nível de consciência): “Baixa | não empurre Produto | CTA ideal Entenda o que está acontecendo”; “Alta intenção | não empurre Mais teoria | CTA Experimentar Executar / conhecer Studio.” | DOC-C05-001 (Showroom — regra geral): “Problema → entrada real → transformação → resultado → prova → CTA. Não faça vídeos ‘Veja meu agente incrível’.” | DOC-C02-043: “CTA inicial: ler, explorar, assinar e baixar o Mapa de Risco Cognitivo; o EXECUTAR fica para uma campanha posterior.” | DOC-C10-029: “asset → capa → landing → formulário → confirmação → entrega/download → CTA → tracking → evidence” (cadeia do brinde).",,media,parcial
EV-7f3fee2188,formulario,dia1-2,2.8 Jornada — Descoberta,,PRODUTO,ECO-02 e ECO-07 documentadas; ECO-01 sem jornada de descoberta própria,DOC-C06-001,"DOC-C05-001 (CTA por nível de consciência): “Baixa | não empurre Produto | CTA ideal Entenda o que está acontecendo”; “Alta intenção | não empurre Mais teoria | CTA Experimentar Executar / conhecer Studio.” | DOC-C05-001 (Showroom — regra geral): “Problema → entrada real → transformação → resultado → prova → CTA. Não faça vídeos ‘Veja meu agente incrível’.” | DOC-C02-043: “CTA inicial: ler, explorar, assinar e baixar o Mapa de Risco Cognitivo; o EXECUTAR fica para uma campanha posterior.” | DOC-C10-029: “asset → capa → landing → formulário → confirmação → entrega/download → CTA → tracking → evidence” (cadeia do brinde).",,media,parcial
EV-53b4f2da20,formulario,dia1-2,2.8 Jornada — Descoberta,,PRODUTO,ECO-02 e ECO-07 documentadas; ECO-01 sem jornada de descoberta própria,DOC-C10-029,"DOC-C05-001 (CTA por nível de consciência): “Baixa | não empurre Produto | CTA ideal Entenda o que está acontecendo”; “Alta intenção | não empurre Mais teoria | CTA Experimentar Executar / conhecer Studio.” | DOC-C05-001 (Showroom — regra geral): “Problema → entrada real → transformação → resultado → prova → CTA. Não faça vídeos ‘Veja meu agente incrível’.” | DOC-C02-043: “CTA inicial: ler, explorar, assinar e baixar o Mapa de Risco Cognitivo; o EXECUTAR fica para uma campanha posterior.” | DOC-C10-029: “asset → capa → landing → formulário → confirmação → entrega/download → CTA → tracking → evidence” (cadeia do brinde).",,media,parcial
EV-987e669bd8,formulario,dia1-2,2.8 Jornada — Descoberta,,PRODUTO,ECO-02 e ECO-07 documentadas; ECO-01 sem jornada de descoberta própria,DOC-C11-010,"DOC-C05-001 (CTA por nível de consciência): “Baixa | não empurre Produto | CTA ideal Entenda o que está acontecendo”; “Alta intenção | não empurre Mais teoria | CTA Experimentar Executar / conhecer Studio.” | DOC-C05-001 (Showroom — regra geral): “Problema → entrada real → transformação → resultado → prova → CTA. Não faça vídeos ‘Veja meu agente incrível’.” | DOC-C02-043: “CTA inicial: ler, explorar, assinar e baixar o Mapa de Risco Cognitivo; o EXECUTAR fica para uma campanha posterior.” | DOC-C10-029: “asset → capa → landing → formulário → confirmação → entrega/download → CTA → tracking → evidence” (cadeia do brinde).",,media,parcial
EV-d63f04a27f,formulario,dia1-2,2.8 Jornada — Descoberta,,PRODUTO,ECO-02 e ECO-07 documentadas; ECO-01 sem jornada de descoberta própria,DOC-C12-004,"DOC-C05-001 (CTA por nível de consciência): “Baixa | não empurre Produto | CTA ideal Entenda o que está acontecendo”; “Alta intenção | não empurre Mais teoria | CTA Experimentar Executar / conhecer Studio.” | DOC-C05-001 (Showroom — regra geral): “Problema → entrada real → transformação → resultado → prova → CTA. Não faça vídeos ‘Veja meu agente incrível’.” | DOC-C02-043: “CTA inicial: ler, explorar, assinar e baixar o Mapa de Risco Cognitivo; o EXECUTAR fica para uma campanha posterior.” | DOC-C10-029: “asset → capa → landing → formulário → confirmação → entrega/download → CTA → tracking → evidence” (cadeia do brinde).",,media,parcial
EV-45f55c1c8c,formulario,dia1-2,2.9 Jornada — Ativação,,PRODUTO,ECO-01 (com jornada de ativação própria em ECO-07),DOC-C07-009,"DOC-C07-009 (telemetry): “value_event_01: Projeto real → contexto interpretado → próxima ação válida → ação executada → conclusão/evidência registrada”; required_events incluem “activated_at” e “first_value_at”. | DOC-C07-009 (PROD-12): “Nos primeiros segundos, mostrar estado atual, resultado necessário e próxima ação — não o projeto inteiro.” | DOC-C04-002: “App é local-first: EstadoOperacional hidrata de localStorage via chaveOrganizacao + restaurarEstado, sincroniza com servidor só opcionalmente.” | DOC-C05-001 (Jornada canônica do Studio): “D0 Formulário de 5 minutos… D6 Versão final — Entrega + onboarding.”",,media,preenchido
EV-5af3c091e5,formulario,dia1-2,2.9 Jornada — Ativação,,PRODUTO,ECO-01 (com jornada de ativação própria em ECO-07),DOC-C04-002,"DOC-C07-009 (telemetry): “value_event_01: Projeto real → contexto interpretado → próxima ação válida → ação executada → conclusão/evidência registrada”; required_events incluem “activated_at” e “first_value_at”. | DOC-C07-009 (PROD-12): “Nos primeiros segundos, mostrar estado atual, resultado necessário e próxima ação — não o projeto inteiro.” | DOC-C04-002: “App é local-first: EstadoOperacional hidrata de localStorage via chaveOrganizacao + restaurarEstado, sincroniza com servidor só opcionalmente.” | DOC-C05-001 (Jornada canônica do Studio): “D0 Formulário de 5 minutos… D6 Versão final — Entrega + onboarding.”",,media,preenchido
EV-833c065a27,formulario,dia1-2,2.9 Jornada — Ativação,,PRODUTO,ECO-01 (com jornada de ativação própria em ECO-07),DOC-C05-001,"DOC-C07-009 (telemetry): “value_event_01: Projeto real → contexto interpretado → próxima ação válida → ação executada → conclusão/evidência registrada”; required_events incluem “activated_at” e “first_value_at”. | DOC-C07-009 (PROD-12): “Nos primeiros segundos, mostrar estado atual, resultado necessário e próxima ação — não o projeto inteiro.” | DOC-C04-002: “App é local-first: EstadoOperacional hidrata de localStorage via chaveOrganizacao + restaurarEstado, sincroniza com servidor só opcionalmente.” | DOC-C05-001 (Jornada canônica do Studio): “D0 Formulário de 5 minutos… D6 Versão final — Entrega + onboarding.”",,media,preenchido
EV-69783f0132,formulario,dia1-2,2.9 Jornada — Ativação,,PRODUTO,ECO-01 (com jornada de ativação própria em ECO-07),DOC-C11-004,"DOC-C07-009 (telemetry): “value_event_01: Projeto real → contexto interpretado → próxima ação válida → ação executada → conclusão/evidência registrada”; required_events incluem “activated_at” e “first_value_at”. | DOC-C07-009 (PROD-12): “Nos primeiros segundos, mostrar estado atual, resultado necessário e próxima ação — não o projeto inteiro.” | DOC-C04-002: “App é local-first: EstadoOperacional hidrata de localStorage via chaveOrganizacao + restaurarEstado, sincroniza com servidor só opcionalmente.” | DOC-C05-001 (Jornada canônica do Studio): “D0 Formulário de 5 minutos… D6 Versão final — Entrega + onboarding.”",,media,preenchido
EV-c6d245e168,formulario,dia1-2,2.10 Jornada — Uso recorrente,,PRODUTO,ECO-01 (com recorrência contratual própria em ECO-07),DOC-C05-001,"DOC-C05-001 (Promessa principal): “Zero configuração, mínimo de personalização, uso mínimo do app — cerca de 1–2 vezes por semana — e externalização cognitiva”; (Diferencial 03): “a superioridade específica do analógico e a frequência ideal de ‘1–2 vezes por semana’ permanecem hipóteses de produto/design, não resultados empiricamente demonstrados nos documentos.” | DOC-C11-006 (Cena A): “/bomdia → reconstruir estado → mostrar trabalho atual.” | DOC-C07-009 (telemetry): “cohorts: W1, W2, W4, W8”; “execution_cycles_per_week”. | DOC-C11-008 (Mensagem): “O sistema pode sustentar o trabalho sem exigir permanência contínua na tela.”",,media,parcial
EV-47e5f62c5d,formulario,dia1-2,2.10 Jornada — Uso recorrente,,PRODUTO,ECO-01 (com recorrência contratual própria em ECO-07),DOC-C07-009,"DOC-C05-001 (Promessa principal): “Zero configuração, mínimo de personalização, uso mínimo do app — cerca de 1–2 vezes por semana — e externalização cognitiva”; (Diferencial 03): “a superioridade específica do analógico e a frequência ideal de ‘1–2 vezes por semana’ permanecem hipóteses de produto/design, não resultados empiricamente demonstrados nos documentos.” | DOC-C11-006 (Cena A): “/bomdia → reconstruir estado → mostrar trabalho atual.” | DOC-C07-009 (telemetry): “cohorts: W1, W2, W4, W8”; “execution_cycles_per_week”. | DOC-C11-008 (Mensagem): “O sistema pode sustentar o trabalho sem exigir permanência contínua na tela.”",,media,parcial
EV-03ba0567a3,formulario,dia1-2,2.10 Jornada — Uso recorrente,,PRODUTO,ECO-01 (com recorrência contratual própria em ECO-07),DOC-C11-006,"DOC-C05-001 (Promessa principal): “Zero configuração, mínimo de personalização, uso mínimo do app — cerca de 1–2 vezes por semana — e externalização cognitiva”; (Diferencial 03): “a superioridade específica do analógico e a frequência ideal de ‘1–2 vezes por semana’ permanecem hipóteses de produto/design, não resultados empiricamente demonstrados nos documentos.” | DOC-C11-006 (Cena A): “/bomdia → reconstruir estado → mostrar trabalho atual.” | DOC-C07-009 (telemetry): “cohorts: W1, W2, W4, W8”; “execution_cycles_per_week”. | DOC-C11-008 (Mensagem): “O sistema pode sustentar o trabalho sem exigir permanência contínua na tela.”",,media,parcial
EV-ab92d689e0,formulario,dia1-2,2.10 Jornada — Uso recorrente,,PRODUTO,ECO-01 (com recorrência contratual própria em ECO-07),DOC-C11-008,"DOC-C05-001 (Promessa principal): “Zero configuração, mínimo de personalização, uso mínimo do app — cerca de 1–2 vezes por semana — e externalização cognitiva”; (Diferencial 03): “a superioridade específica do analógico e a frequência ideal de ‘1–2 vezes por semana’ permanecem hipóteses de produto/design, não resultados empiricamente demonstrados nos documentos.” | DOC-C11-006 (Cena A): “/bomdia → reconstruir estado → mostrar trabalho atual.” | DOC-C07-009 (telemetry): “cohorts: W1, W2, W4, W8”; “execution_cycles_per_week”. | DOC-C11-008 (Mensagem): “O sistema pode sustentar o trabalho sem exigir permanência contínua na tela.”",,media,parcial
EV-539fe1ba41,formulario,dia1-2,2.11 Momento 'aha',,PRODUTO,ECO-01,DOC-C07-009,DOC-C07-009 (telemetry.value_event_01): cadeia literal de cinco etapas. | DOC-C11-004 (Cena A): “‘Tenho 30 minutos.’ Mostrar o sistema reduzindo um projeto complexo à próxima ação possível”; (Cena B): “Alterar uma condição do dia e mostrar plano preservado + rota recalculada.” | DOC-C05-001 (Frase de posicionamento 01 e Mensagem 01): “Você não precisa reorganizar o projeto toda vez que o dia muda. O sistema recalcula a rota e mostra o próximo passo possível.” / “O plano continua. A rota se adapta. Você executa.”,,media,parcial
EV-074b79d436,formulario,dia1-2,2.11 Momento 'aha',,PRODUTO,ECO-01,DOC-C11-004,DOC-C07-009 (telemetry.value_event_01): cadeia literal de cinco etapas. | DOC-C11-004 (Cena A): “‘Tenho 30 minutos.’ Mostrar o sistema reduzindo um projeto complexo à próxima ação possível”; (Cena B): “Alterar uma condição do dia e mostrar plano preservado + rota recalculada.” | DOC-C05-001 (Frase de posicionamento 01 e Mensagem 01): “Você não precisa reorganizar o projeto toda vez que o dia muda. O sistema recalcula a rota e mostra o próximo passo possível.” / “O plano continua. A rota se adapta. Você executa.”,,media,parcial
EV-1ec4696947,formulario,dia1-2,2.11 Momento 'aha',,PRODUTO,ECO-01,DOC-C11-006,DOC-C07-009 (telemetry.value_event_01): cadeia literal de cinco etapas. | DOC-C11-004 (Cena A): “‘Tenho 30 minutos.’ Mostrar o sistema reduzindo um projeto complexo à próxima ação possível”; (Cena B): “Alterar uma condição do dia e mostrar plano preservado + rota recalculada.” | DOC-C05-001 (Frase de posicionamento 01 e Mensagem 01): “Você não precisa reorganizar o projeto toda vez que o dia muda. O sistema recalcula a rota e mostra o próximo passo possível.” / “O plano continua. A rota se adapta. Você executa.”,,media,parcial
EV-218de79667,formulario,dia1-2,2.11 Momento 'aha',,PRODUTO,ECO-01,DOC-C05-001,DOC-C07-009 (telemetry.value_event_01): cadeia literal de cinco etapas. | DOC-C11-004 (Cena A): “‘Tenho 30 minutos.’ Mostrar o sistema reduzindo um projeto complexo à próxima ação possível”; (Cena B): “Alterar uma condição do dia e mostrar plano preservado + rota recalculada.” | DOC-C05-001 (Frase de posicionamento 01 e Mensagem 01): “Você não precisa reorganizar o projeto toda vez que o dia muda. O sistema recalcula a rota e mostra o próximo passo possível.” / “O plano continua. A rota se adapta. Você executa.”,,media,parcial
EV-3ffdd60933,formulario,dia1-2,2.12 User story de referência,,PRODUTO,ECO-01,DOC-C05-001,"DOC-C05-001 (Corpo, linha Problema, Perspectiva do usuário): “Perco dinheiro e oportunidades por atrasos e desorganização. […] O momento de maior ansiedade e aflição são os primeiros 30 minutos iniciais, pois não sei onde estava ontem, o que devo fazer agora e como sei que terminei.” | DOC-C05-001 (Corpo, linha Público): “Quero começar o dia, semana, mês de trabalho executando as tarefas sem, ao mesmo tempo, me preocupar com a ordem e controle da progressão.” | DOC-C11-004 (Cena A): “‘Tenho 30 minutos.’”",,media,parcial
EV-8fb6a96218,formulario,dia1-2,2.12 User story de referência,,PRODUTO,ECO-01,DOC-C11-004,"DOC-C05-001 (Corpo, linha Problema, Perspectiva do usuário): “Perco dinheiro e oportunidades por atrasos e desorganização. […] O momento de maior ansiedade e aflição são os primeiros 30 minutos iniciais, pois não sei onde estava ontem, o que devo fazer agora e como sei que terminei.” | DOC-C05-001 (Corpo, linha Público): “Quero começar o dia, semana, mês de trabalho executando as tarefas sem, ao mesmo tempo, me preocupar com a ordem e controle da progressão.” | DOC-C11-004 (Cena A): “‘Tenho 30 minutos.’”",,media,parcial
EV-ecc4ee9e47,formulario,dia1-2,2.13 Exploração de problema (pré-PRD),,PRODUTO,TRANSVERSAL — ECO-01 e ECO-03,DOC-C07-010,"DOC-C07-010 (3P+N): “Progresso — A hipótese central é parcialmente sustentada: há convergência forte para organização, planejamento, gestão temporal, atenção sustentada e conclusão; evidência moderada para memória prospectiva, flexibilidade e metacognição”; “Next 01 Transformar a matriz abaixo em requisitos funcionais e princípios de design verificáveis.” | DOC-C07-002 e DOC-C07-003: 11 linhas GP-01…GP-11 com colunas Função de gestão · Capacidade exigida · Vulnerabilidade associada · Evidência · Impacto operacional · Compensação sistêmica · Decisão de produto/design. | DOC-C07-009 (kpis): “questions_694: 694 · candidate_direct_links: 28 · thematic_links: 484 · no_evidence: 182 · operational_decisions: 22 · strict_verified: 0.” | DOC-C02-031 (item 3, WHITESPACE PROVISÓRIO): “perfil executivo individual → demanda cognitiva da tarefa → evento provável de falha → probabilidade/impacto → controle compensatório → evidência de execução.”",,alta,preenchido
EV-aba360284f,formulario,dia1-2,2.13 Exploração de problema (pré-PRD),,PRODUTO,TRANSVERSAL — ECO-01 e ECO-03,DOC-C07-002,"DOC-C07-010 (3P+N): “Progresso — A hipótese central é parcialmente sustentada: há convergência forte para organização, planejamento, gestão temporal, atenção sustentada e conclusão; evidência moderada para memória prospectiva, flexibilidade e metacognição”; “Next 01 Transformar a matriz abaixo em requisitos funcionais e princípios de design verificáveis.” | DOC-C07-002 e DOC-C07-003: 11 linhas GP-01…GP-11 com colunas Função de gestão · Capacidade exigida · Vulnerabilidade associada · Evidência · Impacto operacional · Compensação sistêmica · Decisão de produto/design. | DOC-C07-009 (kpis): “questions_694: 694 · candidate_direct_links: 28 · thematic_links: 484 · no_evidence: 182 · operational_decisions: 22 · strict_verified: 0.” | DOC-C02-031 (item 3, WHITESPACE PROVISÓRIO): “perfil executivo individual → demanda cognitiva da tarefa → evento provável de falha → probabilidade/impacto → controle compensatório → evidência de execução.”",,alta,preenchido
EV-c0787f2e62,formulario,dia1-2,2.13 Exploração de problema (pré-PRD),,PRODUTO,TRANSVERSAL — ECO-01 e ECO-03,DOC-C07-003,"DOC-C07-010 (3P+N): “Progresso — A hipótese central é parcialmente sustentada: há convergência forte para organização, planejamento, gestão temporal, atenção sustentada e conclusão; evidência moderada para memória prospectiva, flexibilidade e metacognição”; “Next 01 Transformar a matriz abaixo em requisitos funcionais e princípios de design verificáveis.” | DOC-C07-002 e DOC-C07-003: 11 linhas GP-01…GP-11 com colunas Função de gestão · Capacidade exigida · Vulnerabilidade associada · Evidência · Impacto operacional · Compensação sistêmica · Decisão de produto/design. | DOC-C07-009 (kpis): “questions_694: 694 · candidate_direct_links: 28 · thematic_links: 484 · no_evidence: 182 · operational_decisions: 22 · strict_verified: 0.” | DOC-C02-031 (item 3, WHITESPACE PROVISÓRIO): “perfil executivo individual → demanda cognitiva da tarefa → evento provável de falha → probabilidade/impacto → controle compensatório → evidência de execução.”",,alta,preenchido
EV-d951e130c2,formulario,dia1-2,2.13 Exploração de problema (pré-PRD),,PRODUTO,TRANSVERSAL — ECO-01 e ECO-03,DOC-C05-001,"DOC-C07-010 (3P+N): “Progresso — A hipótese central é parcialmente sustentada: há convergência forte para organização, planejamento, gestão temporal, atenção sustentada e conclusão; evidência moderada para memória prospectiva, flexibilidade e metacognição”; “Next 01 Transformar a matriz abaixo em requisitos funcionais e princípios de design verificáveis.” | DOC-C07-002 e DOC-C07-003: 11 linhas GP-01…GP-11 com colunas Função de gestão · Capacidade exigida · Vulnerabilidade associada · Evidência · Impacto operacional · Compensação sistêmica · Decisão de produto/design. | DOC-C07-009 (kpis): “questions_694: 694 · candidate_direct_links: 28 · thematic_links: 484 · no_evidence: 182 · operational_decisions: 22 · strict_verified: 0.” | DOC-C02-031 (item 3, WHITESPACE PROVISÓRIO): “perfil executivo individual → demanda cognitiva da tarefa → evento provável de falha → probabilidade/impacto → controle compensatório → evidência de execução.”",,alta,preenchido
EV-d158fd79c9,formulario,dia1-2,2.13 Exploração de problema (pré-PRD),,PRODUTO,TRANSVERSAL — ECO-01 e ECO-03,DOC-C07-009,"DOC-C07-010 (3P+N): “Progresso — A hipótese central é parcialmente sustentada: há convergência forte para organização, planejamento, gestão temporal, atenção sustentada e conclusão; evidência moderada para memória prospectiva, flexibilidade e metacognição”; “Next 01 Transformar a matriz abaixo em requisitos funcionais e princípios de design verificáveis.” | DOC-C07-002 e DOC-C07-003: 11 linhas GP-01…GP-11 com colunas Função de gestão · Capacidade exigida · Vulnerabilidade associada · Evidência · Impacto operacional · Compensação sistêmica · Decisão de produto/design. | DOC-C07-009 (kpis): “questions_694: 694 · candidate_direct_links: 28 · thematic_links: 484 · no_evidence: 182 · operational_decisions: 22 · strict_verified: 0.” | DOC-C02-031 (item 3, WHITESPACE PROVISÓRIO): “perfil executivo individual → demanda cognitiva da tarefa → evento provável de falha → probabilidade/impacto → controle compensatório → evidência de execução.”",,alta,preenchido
EV-9f94e7646a,formulario,dia1-2,2.13 Exploração de problema (pré-PRD),,PRODUTO,TRANSVERSAL — ECO-01 e ECO-03,DOC-C02-031,"DOC-C07-010 (3P+N): “Progresso — A hipótese central é parcialmente sustentada: há convergência forte para organização, planejamento, gestão temporal, atenção sustentada e conclusão; evidência moderada para memória prospectiva, flexibilidade e metacognição”; “Next 01 Transformar a matriz abaixo em requisitos funcionais e princípios de design verificáveis.” | DOC-C07-002 e DOC-C07-003: 11 linhas GP-01…GP-11 com colunas Função de gestão · Capacidade exigida · Vulnerabilidade associada · Evidência · Impacto operacional · Compensação sistêmica · Decisão de produto/design. | DOC-C07-009 (kpis): “questions_694: 694 · candidate_direct_links: 28 · thematic_links: 484 · no_evidence: 182 · operational_decisions: 22 · strict_verified: 0.” | DOC-C02-031 (item 3, WHITESPACE PROVISÓRIO): “perfil executivo individual → demanda cognitiva da tarefa → evento provável de falha → probabilidade/impacto → controle compensatório → evidência de execução.”",,alta,preenchido
EV-68ddd607f3,formulario,dia1-2,2.13 Exploração de problema (pré-PRD),,PRODUTO,TRANSVERSAL — ECO-01 e ECO-03,DOC-C01-005,"DOC-C07-010 (3P+N): “Progresso — A hipótese central é parcialmente sustentada: há convergência forte para organização, planejamento, gestão temporal, atenção sustentada e conclusão; evidência moderada para memória prospectiva, flexibilidade e metacognição”; “Next 01 Transformar a matriz abaixo em requisitos funcionais e princípios de design verificáveis.” | DOC-C07-002 e DOC-C07-003: 11 linhas GP-01…GP-11 com colunas Função de gestão · Capacidade exigida · Vulnerabilidade associada · Evidência · Impacto operacional · Compensação sistêmica · Decisão de produto/design. | DOC-C07-009 (kpis): “questions_694: 694 · candidate_direct_links: 28 · thematic_links: 484 · no_evidence: 182 · operational_decisions: 22 · strict_verified: 0.” | DOC-C02-031 (item 3, WHITESPACE PROVISÓRIO): “perfil executivo individual → demanda cognitiva da tarefa → evento provável de falha → probabilidade/impacto → controle compensatório → evidência de execução.”",,alta,preenchido
